Iteration,Using RL?,State,Action,Reward,Variance Bucket,Variance Bucket Index,Next Variance Bucket Index,Next Variance Bucket Index,Luminance Bucket,Luminance Bucket Index,Bright Pixel Ratio Bucket,Bright Pixel Ratio Bucket Index,Mean Luminance,Luminance Variance,Log Luminance Variance,Bright Pixel Ratio,Epsilon
1,RL,90,BSDF Heavy,0,Low,0,Low,0,Low,0,High,2,0.287305,1.21032,0.793136,0.0666695,0.1
2,RL,90,BSDF Heavy,0,Low,0,Low,0,Low,0,High,2,0.287149,0.908802,0.646476,0.0857143,0.1
3,RL,90,BSDF Heavy,0,Low,0,Low,0,Low,0,High,2,0.287293,0.8105,0.593603,0.0910167,0.1
4,RL,90,BSDF Heavy,0,Low,0,Low,0,Low,0,High,2,0.28741,0.759161,0.564837,0.0789764,0.1
5,RL,45,BSDF Heavy,0,Low,0,Low,0,Low,0,High,2,0.287463,0.728973,0.547527,0.0607915,0.1
6,RL,0,BSDF Heavy,0,Low,0,Low,0,Low,0,High,2,0.287485,0.709488,0.536194,0.0541097,0.1
7,RL,0,BSDF Heavy,0,Low,0,Low,0,Low,0,High,2,0.287559,0.695061,0.527719,0.0490471,0.1
8,RL,0,Light Heavy,0,Low,0,Low,0,Low,0,Low,0,0.287585,0.684614,0.521537,0.0466864,0.19992
9,RL,0,Light Heavy,0,Low,0,Low,0,Low,0,Low,0,0.28762,0.676203,0.516531,0.0440413,0.19992
10,RL,0,Light Heavy,0,Low,0,Low,0,Low,0,Low,0,0.287576,0.669408,0.512469,0.0414747,0.19992
11,RL,0,Light Heavy,0,Low,0,Low,0,Low,0,Low,0,0.287467,0.663673,0.509028,0.0396965,0.19992
12,RL,0,Light Heavy,0,Low,0,Low,0,Low,0,Low,0,0.287511,0.659163,0.506313,0.0383693,0.19992
13,RL,0,Light Heavy,0,Low,0,Low,0,Low,0,Low,0,0.287492,0.655285,0.503973,0.0371628,0.19992
14,RL,0,Light Heavy,0,Low,0,Low,0,Low,0,Low,0,0.287474,0.652108,0.502052,0.0361316,0.19992
15,RL,0,Light Heavy,0,Low,0,Low,0,Low,0,Low,0,0.28742,0.64932,0.500363,0.035267,0.19992
16,RL,0,BSDF Heavy,0,Low,0,Low,0,Low,0,Low,0,0.287401,0.646618,0.498724,0.034703,0.19984
17,RL,0,BSDF Heavy,0,Low,0,Low,0,Low,0,Low,0,0.287411,0.644532,0.497456,0.0341443,0.19984
18,RL,0,BSDF Heavy,0,Low,0,Low,0,Low,0,Low,0,0.287353,0.642431,0.496178,0.0336756,0.19984
19,RL,0,BSDF Heavy,0,Low,0,Low,0,Low,0,Low,0,0.287377,0.640664,0.495101,0.0332337,0.19984
20,RL,0,BSDF Heavy,0,Low,0,Low,0,Low,0,Low,0,0.287445,0.639225,0.494224,0.0328318,0.19984
21,RL,0,BSDF Heavy,0,Low,0,Low,0,Low,0,Low,0,0.287437,0.637763,0.493332,0.0325405,0.19984
22,RL,0,BSDF Heavy,0,Low,0,Low,0,Low,0,Low,0,0.287406,0.636406,0.492502,0.0323008,0.19984
23,RL,0,BSDF Heavy,0,Low,0,Low,0,Low,0,Low,0,0.287419,0.635492,0.491944,0.0320042,0.19984
24,RL,0,Balanced,0,Low,0,Low,0,Low,0,Low,0,0.287431,0.634522,0.491351,0.0317813,0.19976
25,RL,0,Balanced,0,Low,0,Low,0,Low,0,Low,0,0.287404,0.633434,0.490685,0.0315823,0.19976
26,RL,0,Balanced,0,Low,0,Low,0,Low,0,Low,0,0.287423,0.632557,0.490147,0.031437,0.19976
27,RL,0,Balanced,0,Low,0,Low,0,Low,0,Low,0,0.287439,0.631781,0.489672,0.0312887,0.19976
28,RL,0,Balanced,0,Low,0,Low,0,Low,0,Low,0,0.287419,0.630902,0.489133,0.0310743,0.19976
29,RL,0,Balanced,0,Low,0,Low,0,Low,0,Low,0,0.287429,0.630136,0.488663,0.030916,0.19976
30,RL,0,Balanced,0,Low,0,Low,0,Low,0,Low,0,0.287415,0.629376,0.488197,0.0307892,0.19976
31,RL,0,Balanced,0,Low,0,Low,0,Low,0,Low,0,0.287375,0.628603,0.487723,0.0306563,0.19976
32,RL,0,BSDF Heavy,0,Low,0,Low,0,Low,0,Low,0,0.287371,0.62798,0.48734,0.0305256,0.19968
33,RL,0,BSDF Heavy,0,Low,0,Low,0,Low,0,Low,0,0.287351,0.627364,0.486962,0.0304081,0.19968
34,RL,0,BSDF Heavy,0,Low,0,Low,0,Low,0,Low,0,0.287323,0.626849,0.486645,0.0303289,0.19968
35,RL,0,BSDF Heavy,0,Low,0,Low,0,Low,0,Low,0,0.287317,0.6263,0.486307,0.0302582,0.19968
36,RL,0,BSDF Heavy,0,Low,0,Low,0,Low,0,Low,0,0.287338,0.625833,0.48602,0.0302067,0.19968
37,RL,0,BSDF Heavy,0,Low,0,Low,0,Low,0,Low,0,0.287328,0.625444,0.485781,0.030126,0.19968
38,RL,0,BSDF Heavy,0,Low,0,Low,0,Low,0,Low,0,0.287344,0.625112,0.485577,0.0300223,0.19968
39,RL,0,BSDF Heavy,0,Low,0,Low,0,Low,0,Low,0,0.287339,0.624682,0.485312,0.0299877,0.19968
40,RL,0,BSDF Heavy,0,Low,0,Low,0,Low,0,Low,0,0.287324,0.624301,0.485078,0.0299547,0.1996
41,RL,0,BSDF Heavy,0,Low,0,Low,0,Low,0,Low,0,0.28731,0.623933,0.484851,0.0298955,0.1996
42,RL,0,BSDF Heavy,0,Low,0,Low,0,Low,0,Low,0,0.287332,0.623675,0.484692,0.0298363,0.1996
43,RL,0,BSDF Heavy,0,Low,0,Low,0,Low,0,Low,0,0.287343,0.623369,0.484504,0.0297549,0.1996
44,RL,0,BSDF Heavy,0,Low,0,Low,0,Low,0,Low,0,0.287341,0.623017,0.484287,0.0297464,0.1996
45,RL,0,BSDF Heavy,0,Low,0,Low,0,Low,0,Low,0,0.287336,0.622736,0.484113,0.0297072,0.1996
46,RL,0,BSDF Heavy,0,Low,0,Low,0,Low,0,Low,0,0.287346,0.622552,0.484,0.029635,0.1996
47,RL,0,BSDF Heavy,0,Low,0,Low,0,Low,0,Low,0,0.28735,0.622384,0.483896,0.0295935,0.1996
48,RL,0,BSDF Heavy,0,Low,0,Low,0,Low,0,Low,0,0.287337,0.622092,0.483717,0.0295335,0.199521
49,RL,0,BSDF Heavy,0,Low,0,Low,0,Low,0,Low,0,0.287325,0.621776,0.483522,0.0295105,0.199521
50,RL,0,BSDF Heavy,0,Low,0,Low,0,Low,0,Low,0,0.287337,0.62154,0.483377,0.0294928,0.199521
51,RL,0,BSDF Heavy,0,Low,0,Low,0,Low,0,Low,0,0.28733,0.621234,0.483188,0.0294628,0.199521
52,RL,0,BSDF Heavy,0,Low,0,Low,0,Low,0,Low,0,0.287321,0.620987,0.483035,0.0294252,0.199521
53,RL,0,BSDF Heavy,0,Low,0,Low,0,Low,0,Low,0,0.287297,0.620738,0.482882,0.0293768,0.199521
54,RL,0,BSDF Heavy,0,Low,0,Low,0,Low,0,Low,0,0.287309,0.620523,0.482749,0.0293653,0.199521
55,RL,0,BSDF Heavy,0,Low,0,Low,0,Low,0,Low,0,0.287317,0.62032,0.482624,0.0293599,0.199521
56,RL,0,BSDF Heavy,0,Low,0,Low,0,Low,0,Low,0,0.28733,0.620142,0.482514,0.0293576,0.199441
57,RL,0,BSDF Heavy,0,Low,0,Low,0,Low,0,Low,0,0.287351,0.619918,0.482376,0.0293214,0.199441
58,RL,0,BSDF Heavy,0,Low,0,Low,0,Low,0,Low,0,0.287353,0.619768,0.482283,0.0292846,0.199441
59,RL,0,BSDF Heavy,0,Low,0,Low,0,Low,0,Low,0,0.287328,0.619558,0.482153,0.0292692,0.199441
60,RL,0,BSDF Heavy,0,Low,0,Low,0,Low,0,Low,0,0.287322,0.619376,0.482041,0.0292461,0.199441
61,RL,0,BSDF Heavy,0,Low,0,Low,0,Low,0,Low,0,0.287307,0.619231,0.481951,0.0292415,0.199441
62,RL,0,BSDF Heavy,0,Low,0,Low,0,Low,0,Low,0,0.287286,0.619037,0.481831,0.0292023,0.199441
63,RL,0,BSDF Heavy,0,Low,0,Low,0,Low,0,Low,0,0.287284,0.618923,0.481761,0.0292008,0.199441
64,RL,0,BSDF Heavy,0,Low,0,Low,0,Low,0,Low,0,0.287289,0.618765,0.481664,0.0291593,0.199361
65,RL,0,BSDF Heavy,0,Low,0,Low,0,Low,0,Low,0,0.287288,0.618616,0.481572,0.0291293,0.199361
66,RL,0,BSDF Heavy,0,Low,0,Low,0,Low,0,Low,0,0.287277,0.618481,0.481488,0.0291362,0.199361
67,RL,0,BSDF Heavy,0,Low,0,Low,0,Low,0,Low,0,0.287269,0.618325,0.481392,0.0291301,0.199361
68,RL,0,BSDF Heavy,0,Low,0,Low,0,Low,0,Low,0,0.287266,0.618197,0.481312,0.0291101,0.199361
69,RL,0,BSDF Heavy,0,Low,0,Low,0,Low,0,Low,0,0.287267,0.618064,0.48123,0.0290948,0.199361
70,RL,0,BSDF Heavy,0,Low,0,Low,0,Low,0,Low,0,0.287281,0.617947,0.481158,0.029064,0.199361
71,RL,0,BSDF Heavy,0,Low,0,Low,0,Low,0,Low,0,0.287281,0.617826,0.481083,0.0290533,0.199361
72,RL,0,BSDF Heavy,0,Low,0,Low,0,Low,0,Low,0,0.287289,0.61768,0.480993,0.029041,0.199281
73,RL,0,BSDF Heavy,0,Low,0,Low,0,Low,0,Low,0,0.28729,0.617559,0.480918,0.0290141,0.199281
74,RL,0,BSDF Heavy,0,Low,0,Low,0,Low,0,Low,0,0.287306,0.617435,0.480842,0.0290387,0.199281
75,RL,0,BSDF Heavy,0,Low,0,Low,0,Low,0,Low,0,0.28732,0.617326,0.480774,0.0290194,0.199281
76,RL,0,BSDF Heavy,0,Low,0,Low,0,Low,0,Low,0,0.287326,0.617194,0.480693,0.0290033,0.199281
77,RL,0,BSDF Heavy,0,Low,0,Low,0,Low,0,Low,0,0.287334,0.617079,0.480622,0.028981,0.199281
78,RL,0,BSDF Heavy,0,Low,0,Low,0,Low,0,Low,0,0.287328,0.616991,0.480567,0.0289464,0.199281
79,RL,0,BSDF Heavy,0,Low,0,Low,0,Low,0,Low,0,0.287321,0.616917,0.480521,0.0289295,0.199281
80,RL,0,BSDF Heavy,0,Low,0,Low,0,Low,0,Low,0,0.287321,0.616826,0.480465,0.028928,0.199202
81,RL,0,BSDF Heavy,0,Low,0,Low,0,Low,0,Low,0,0.287315,0.616711,0.480394,0.0289349,0.199202
82,RL,0,BSDF Heavy,0,Low,0,Low,0,Low,0,Low,0,0.287335,0.616672,0.480369,0.0289349,0.199202
83,RL,0,BSDF Heavy,0,Low,0,Low,0,Low,0,Low,0,0.287344,0.616598,0.480324,0.028928,0.199202
84,RL,0,BSDF Heavy,0,Low,0,Low,0,Low,0,Low,0,0.287345,0.616526,0.48028,0.0288619,0.199202
85,RL,0,BSDF Heavy,0,Low,0,Low,0,Low,0,Low,0,0.287347,0.61645,0.480232,0.0288581,0.199202
86,RL,0,BSDF Heavy,0,Low,0,Low,0,Low,0,Low,0,0.287355,0.616366,0.48018,0.0288419,0.199202
87,RL,0,BSDF Heavy,0,Low,0,Low,0,Low,0,Low,0,0.287357,0.616269,0.48012,0.0288465,0.199202
88,RL,0,BSDF Heavy,0,Low,0,Low,0,Low,0,Low,0,0.287354,0.616214,0.480086,0.0288097,0.199122
89,RL,0,BSDF Heavy,0,Low,0,Low,0,Low,0,Low,0,0.287368,0.616162,0.480054,0.0288066,0.199122
90,RL,0,BSDF Heavy,0,Low,0,Low,0,Low,0,Low,0,0.287359,0.616077,0.480002,0.028792,0.199122
91,RL,0,BSDF Heavy,0,Low,0,Low,0,Low,0,Low,0,0.287369,0.61602,0.479966,0.0287805,0.199122
92,RL,0,BSDF Heavy,0,Low,0,Low,0,Low,0,Low,0,0.287359,0.615932,0.479912,0.0287658,0.199122
93,RL,0,BSDF Heavy,0,Low,0,Low,0,Low,0,Low,0,0.287357,0.615851,0.479861,0.0287405,0.199122
94,RL,0,BSDF Heavy,0,Low,0,Low,0,Low,0,Low,0,0.287352,0.615762,0.479807,0.0287543,0.199122
95,RL,0,BSDF Heavy,0,Low,0,Low,0,Low,0,Low,0,0.287345,0.615702,0.47977,0.028709,0.199122
96,RL,0,BSDF Heavy,0,Low,0,Low,0,Low,0,Low,0,0.287334,0.615612,0.479714,0.0287013,0.199042
97,RL,0,BSDF Heavy,0,Low,0,Low,0,Low,0,Low,0,0.287331,0.615551,0.479676,0.0286944,0.199042
98,RL,0,BSDF Heavy,0,Low,0,Low,0,Low,0,Low,0,0.287329,0.615513,0.479652,0.0286721,0.199042
99,RL,0,BSDF Heavy,0,Low,0,Low,0,Low,0,Low,0,0.287332,0.615418,0.479593,0.0286667,0.199042
100,RL,0,BSDF Heavy,0,Low,0,Low,0,Low,0,Low,0,0.28733,0.615341,0.479546,0.0286621,0.199042
101,RL,0,BSDF Heavy,0,Low,0,Low,0,Low,0,Low,0,0.28733,0.61528,0.479508,0.0286444,0.199042
102,RL,0,BSDF Heavy,0,Low,0,Low,0,Low,0,Low,0,0.28733,0.615225,0.479474,0.0286414,0.199042
103,RL,0,BSDF Heavy,0,Low,0,Low,0,Low,0,Low,0,0.287323,0.615179,0.479446,0.028636,0.199042
104,RL,0,BSDF Heavy,0,Low,0,Low,0,Low,0,Low,0,0.287325,0.615132,0.479417,0.028616,0.198963
105,RL,0,BSDF Heavy,0,Low,0,Low,0,Low,0,Low,0,0.287328,0.615065,0.479375,0.0286129,0.198963
106,RL,0,BSDF Heavy,0,Low,0,Low,0,Low,0,Low,0,0.287329,0.614973,0.479318,0.0285945,0.198963
107,RL,0,BSDF Heavy,0,Low,0,Low,0,Low,0,Low,0,0.287333,0.614909,0.479279,0.0285929,0.198963
108,RL,0,BSDF Heavy,0,Low,0,Low,0,Low,0,Low,0,0.28734,0.614884,0.479263,0.0286191,0.198963
109,RL,0,BSDF Heavy,0,Low,0,Low,0,Low,0,Low,0,0.287339,0.614817,0.479222,0.0285937,0.198963
110,RL,0,BSDF Heavy,0,Low,0,Low,0,Low,0,Low,0,0.287329,0.614743,0.479176,0.028586,0.198963
111,RL,0,BSDF Heavy,0,Low,0,Low,0,Low,0,Low,0,0.287334,0.614671,0.479131,0.0285645,0.198963
112,RL,0,BSDF Heavy,0,Low,0,Low,0,Low,0,Low,0,0.287332,0.614644,0.479115,0.0285499,0.198883
113,RL,0,BSDF Heavy,0,Low,0,Low,0,Low,0,Low,0,0.287327,0.614584,0.479077,0.0285392,0.198883
114,RL,0,BSDF Heavy,0,Low,0,Low,0,Low,0,Low,0,0.287324,0.614505,0.479029,0.0285514,0.198883
115,RL,0,BSDF Heavy,0,Low,0,Low,0,Low,0,Low,0,0.287326,0.61445,0.478994,0.0285584,0.198883
116,RL,0,BSDF Heavy,0,Low,0,Low,0,Low,0,Low,0,0.287327,0.614408,0.478969,0.0285507,0.198883
117,RL,0,BSDF Heavy,0,Low,0,Low,0,Low,0,Low,0,0.287323,0.614342,0.478927,0.0285484,0.198883
118,RL,0,BSDF Heavy,0,Low,0,Low,0,Low,0,Low,0,0.287318,0.614281,0.47889,0.0285307,0.198883
119,RL,0,BSDF Heavy,0,Low,0,Low,0,Low,0,Low,0,0.287308,0.614204,0.478842,0.0285269,0.198883
120,RL,0,BSDF Heavy,0,Low,0,Low,0,Low,0,Low,0,0.287304,0.614174,0.478823,0.0285146,0.198804
121,RL,0,BSDF Heavy,0,Low,0,Low,0,Low,0,Low,0,0.287307,0.61414,0.478802,0.0284892,0.198804
122,RL,0,BSDF Heavy,0,Low,0,Low,0,Low,0,Low,0,0.287303,0.614075,0.478762,0.0284869,0.198804
123,RL,0,BSDF Heavy,0,Low,0,Low,0,Low,0,Low,0,0.287301,0.614025,0.478731,0.0284708,0.198804
124,RL,0,BSDF Heavy,0,Low,0,Low,0,Low,0,Low,0,0.287302,0.613978,0.478702,0.0284685,0.198804
125,RL,0,BSDF Heavy,0,Low,0,Low,0,Low,0,Low,0,0.2873,0.613951,0.478685,0.0284608,0.198804
126,RL,0,BSDF Heavy,0,Low,0,Low,0,Low,0,Low,0,0.287299,0.613919,0.478665,0.0284492,0.198804
127,RL,0,BSDF Heavy,0,Low,0,Low,0,Low,0,Low,0,0.287298,0.613875,0.478638,0.0284638,0.198804
128,RL,0,BSDF Heavy,0,Low,0,Low,0,Low,0,Low,0,0.287302,0.613828,0.478609,0.0284692,0.198724
129,RL,0,BSDF Heavy,0,Low,0,Low,0,Low,0,Low,0,0.287301,0.6138,0.478592,0.0284715,0.198724
130,RL,0,BSDF Heavy,0,Low,0,Low,0,Low,0,Low,0,0.287299,0.613752,0.478562,0.0284646,0.198724
131,RL,0,BSDF Heavy,0,Low,0,Low,0,Low,0,Low,0,0.287291,0.613711,0.478536,0.0284608,0.198724
132,RL,0,BSDF Heavy,0,Low,0,Low,0,Low,0,Low,0,0.287297,0.61367,0.478511,0.0284562,0.198724
133,RL,0,BSDF Heavy,0,Low,0,Low,0,Low,0,Low,0,0.287297,0.613627,0.478484,0.0284577,0.198724
134,RL,0,BSDF Heavy,0,Low,0,Low,0,Low,0,Low,0,0.287303,0.613591,0.478462,0.0284592,0.198724
135,RL,0,BSDF Heavy,0,Low,0,Low,0,Low,0,Low,0,0.287313,0.613575,0.478452,0.0284562,0.198724
136,RL,0,Balanced,0,Low,0,Low,0,Low,0,Low,0,0.287312,0.613545,0.478434,0.0284585,0.198645
137,RL,0,Balanced,0,Low,0,Low,0,Low,0,Low,0,0.28731,0.613515,0.478415,0.0284531,0.198645
138,RL,0,Balanced,0,Low,0,Low,0,Low,0,Low,0,0.287314,0.613476,0.478391,0.0284562,0.198645
139,RL,0,Balanced,0,Low,0,Low,0,Low,0,Low,0,0.287312,0.613438,0.478367,0.0284477,0.198645
140,RL,0,Balanced,0,Low,0,Low,0,Low,0,Low,0,0.287314,0.613419,0.478355,0.0284416,0.198645
141,RL,0,Balanced,0,Low,0,Low,0,Low,0,Low,0,0.287307,0.613387,0.478336,0.0284354,0.198645
142,RL,0,Balanced,0,Low,0,Low,0,Low,0,Low,0,0.287304,0.613351,0.478313,0.0284116,0.198645
143,RL,0,Balanced,0,Low,0,Low,0,Low,0,Low,0,0.287301,0.613312,0.478289,0.0284247,0.198645
144,RL,0,BSDF Heavy,0,Low,0,Low,0,Low,0,Low,0,0.287305,0.613284,0.478272,0.0284147,0.198565
145,RL,0,BSDF Heavy,0,Low,0,Low,0,Low,0,Low,0,0.287306,0.613244,0.478247,0.02842,0.198565
146,RL,0,BSDF Heavy,0,Low,0,Low,0,Low,0,Low,0,0.287305,0.613214,0.478229,0.0284208,0.198565
147,RL,0,BSDF Heavy,0,Low,0,Low,0,Low,0,Low,0,0.287303,0.613194,0.478216,0.0284162,0.198565
148,RL,0,BSDF Heavy,0,Low,0,Low,0,Low,0,Low,0,0.287302,0.613166,0.478199,0.0284101,0.198565
149,RL,0,BSDF Heavy,0,Low,0,Low,0,Low,0,Low,0,0.287307,0.613146,0.478186,0.0283978,0.198565
150,RL,0,BSDF Heavy,0,Low,0,Low,0,Low,0,Low,0,0.287304,0.613115,0.478167,0.0284231,0.198565
151,RL,0,BSDF Heavy,0,Low,0,Low,0,Low,0,Low,0,0.287307,0.613089,0.478151,0.0283916,0.198565
152,RL,0,BSDF Heavy,0,Low,0,Low,0,Low,0,Low,0,0.287305,0.613056,0.478131,0.0283762,0.198486
153,RL,0,BSDF Heavy,0,Low,0,Low,0,Low,0,Low,0,0.287311,0.613025,0.478111,0.0283678,0.198486
154,RL,0,BSDF Heavy,0,Low,0,Low,0,Low,0,Low,0,0.287312,0.612996,0.478094,0.0283755,0.198486
155,RL,0,BSDF Heavy,0,Low,0,Low,0,Low,0,Low,0,0.287316,0.612974,0.47808,0.0283616,0.198486
156,RL,0,BSDF Heavy,0,Low,0,Low,0,Low,0,Low,0,0.287317,0.612945,0.478062,0.0283516,0.198486
157,RL,0,BSDF Heavy,0,Low,0,Low,0,Low,0,Low,0,0.287324,0.612924,0.478048,0.0283409,0.198486
158,RL,0,BSDF Heavy,0,Low,0,Low,0,Low,0,Low,0,0.287323,0.6129,0.478034,0.0283455,0.198486
159,RL,0,BSDF Heavy,0,Low,0,Low,0,Low,0,Low,0,0.287328,0.612877,0.47802,0.0283447,0.198486
160,RL,0,BSDF Heavy,0,Low,0,Low,0,Low,0,Low,0,0.287321,0.612834,0.477993,0.028347,0.198406
161,RL,0,BSDF Heavy,0,Low,0,Low,0,Low,0,Low,0,0.287321,0.612813,0.47798,0.0283501,0.198406
162,RL,0,BSDF Heavy,0,Low,0,Low,0,Low,0,Low,0,0.287312,0.61277,0.477953,0.0283332,0.198406
163,RL,0,BSDF Heavy,0,Low,0,Low,0,Low,0,Low,0,0.287313,0.61274,0.477934,0.0283286,0.198406
164,RL,0,BSDF Heavy,0,Low,0,Low,0,Low,0,Low,0,0.287314,0.612715,0.477919,0.0283524,0.198406
165,RL,0,BSDF Heavy,0,Low,0,Low,0,Low,0,Low,0,0.287315,0.612687,0.477902,0.028354,0.198406
166,RL,0,BSDF Heavy,0,Low,0,Low,0,Low,0,Low,0,0.287311,0.612677,0.477895,0.0283401,0.198406
167,RL,0,BSDF Heavy,0,Low,0,Low,0,Low,0,Low,0,0.287316,0.61265,0.477879,0.0283363,0.198406
168,RL,0,BSDF Heavy,0,Low,0,Low,0,Low,0,Low,0,0.287317,0.612646,0.477876,0.0283386,0.198327
169,RL,0,BSDF Heavy,0,Low,0,Low,0,Low,0,Low,0,0.287316,0.612609,0.477853,0.0283386,0.198327
170,RL,0,BSDF Heavy,0,Low,0,Low,0,Low,0,Low,0,0.287313,0.612585,0.477839,0.028334,0.198327
171,RL,0,BSDF Heavy,0,Low,0,Low,0,Low,0,Low,0,0.287312,0.612561,0.477823,0.0283378,0.198327
172,RL,0,BSDF Heavy,0,Low,0,Low,0,Low,0,Low,0,0.287308,0.612544,0.477813,0.0283309,0.198327
173,RL,0,BSDF Heavy,0,Low,0,Low,0,Low,0,Low,0,0.287307,0.612525,0.477801,0.0283309,0.198327
174,RL,0,BSDF Heavy,0,Low,0,Low,0,Low,0,Low,0,0.28731,0.612494,0.477782,0.0283248,0.198327
175,RL,0,BSDF Heavy,0,Low,0,Low,0,Low,0,Low,0,0.287308,0.612465,0.477764,0.0283109,0.198327
176,RL,0,BSDF Heavy,0,Low,0,Low,0,Low,0,Low,0,0.287312,0.61244,0.477748,0.0283109,0.198248
177,RL,0,BSDF Heavy,0,Low,0,Low,0,Low,0,Low,0,0.287313,0.612409,0.47773,0.0283194,0.198248
178,RL,0,BSDF Heavy,0,Low,0,Low,0,Low,0,Low,0,0.287318,0.6124,0.477724,0.0283102,0.198248
179,RL,0,BSDF Heavy,0,Low,0,Low,0,Low,0,Low,0,0.287316,0.612381,0.477712,0.0283017,0.198248
180,RL,0,BSDF Heavy,0,Low,0,Low,0,Low,0,Low,0,0.287318,0.612373,0.477707,0.0283025,0.198248
181,RL,0,BSDF Heavy,0,Low,0,Low,0,Low,0,Low,0,0.287317,0.612356,0.477696,0.0283002,0.198248
182,RL,0,BSDF Heavy,0,Low,0,Low,0,Low,0,Low,0,0.287314,0.612343,0.477689,0.028294,0.198248
183,RL,0,BSDF Heavy,0,Low,0,Low,0,Low,0,Low,0,0.287314,0.612321,0.477675,0.0282956,0.198248
184,RL,0,BSDF Heavy,0,Low,0,Low,0,Low,0,Low,0,0.28732,0.612316,0.477672,0.0282771,0.198168
185,RL,0,BSDF Heavy,0,Low,0,Low,0,Low,0,Low,0,0.287318,0.612314,0.477671,0.0282848,0.198168
186,RL,0,BSDF Heavy,0,Low,0,Low,0,Low,0,Low,0,0.287319,0.61229,0.477655,0.0282725,0.198168
187,RL,0,BSDF Heavy,0,Low,0,Low,0,Low,0,Low,0,0.287318,0.612269,0.477643,0.0282564,0.198168
188,RL,0,BSDF Heavy,0,Low,0,Low,0,Low,0,Low,0,0.287317,0.612232,0.477619,0.028264,0.198168
189,RL,0,BSDF Heavy,0,Low,0,Low,0,Low,0,Low,0,0.28732,0.612213,0.477608,0.0282579,0.198168
190,RL,0,BSDF Heavy,0,Low,0,Low,0,Low,0,Low,0,0.287326,0.612191,0.477594,0.028261,0.198168
191,RL,0,BSDF Heavy,0,Low,0,Low,0,Low,0,Low,0,0.287329,0.612182,0.477589,0.0282617,0.198168
192,RL,0,Light Heavy,0,Low,0,Low,0,Low,0,Low,0,0.287321,0.612151,0.477569,0.0282487,0.198089
193,RL,0,Light Heavy,0,Low,0,Low,0,Low,0,Low,0,0.287321,0.612125,0.477553,0.028231,0.198089
194,RL,0,Light Heavy,0,Low,0,Low,0,Low,0,Low,0,0.287331,0.612129,0.477556,0.0282441,0.198089
195,RL,0,Light Heavy,0,Low,0,Low,0,Low,0,Low,0,0.287335,0.612116,0.477548,0.0282395,0.198089
196,RL,0,Light Heavy,0,Low,0,Low,0,Low,0,Low,0,0.287338,0.612104,0.47754,0.0282379,0.198089
197,RL,0,Light Heavy,0,Low,0,Low,0,Low,0,Low,0,0.287345,0.612098,0.477537,0.028241,0.198089
198,RL,0,Light Heavy,0,Low,0,Low,0,Low,0,Low,0,0.287345,0.612093,0.477533,0.0282425,0.198089
199,RL,0,Light Heavy,0,Low,0,Low,0,Low,0,Low,0,0.287342,0.612058,0.477511,0.0282425,0.198089
200,RL,0,Light Heavy,0,Low,0,Low,0,Low,0,Low,0,0.287344,0.612048,0.477506,0.0282287,0.19801
201,RL,0,Light Heavy,0,Low,0,Low,0,Low,0,Low,0,0.287341,0.612022,0.477489,0.0282395,0.19801
202,RL,0,Light Heavy,0,Low,0,Low,0,Low,0,Low,0,0.287342,0.612006,0.477479,0.0282187,0.19801
203,RL,0,Light Heavy,0,Low,0,Low,0,Low,0,Low,0,0.287344,0.611986,0.477467,0.0282249,0.19801
204,RL,0,Light Heavy,0,Low,0,Low,0,Low,0,Low,0,0.287348,0.611974,0.47746,0.0282318,0.19801
205,RL,0,Light Heavy,0,Low,0,Low,0,Low,0,Low,0,0.287349,0.611957,0.477449,0.0282202,0.19801
206,RL,0,Light Heavy,0,Low,0,Low,0,Low,0,Low,0,0.287345,0.611951,0.477445,0.0282079,0.19801
207,RL,0,Light Heavy,0,Low,0,Low,0,Low,0,Low,0,0.287347,0.611922,0.477427,0.0282195,0.19801
208,RL,0,BSDF Heavy,0,Low,0,Low,0,Low,0,Low,0,0.287341,0.611896,0.477411,0.0282126,0.197931
209,RL,0,BSDF Heavy,0,Low,0,Low,0,Low,0,Low,0,0.287346,0.611886,0.477405,0.0282056,0.197931
210,RL,0,BSDF Heavy,0,Low,0,Low,0,Low,0,Low,0,0.287349,0.611866,0.477393,0.0281972,0.197931
211,RL,0,BSDF Heavy,0,Low,0,Low,0,Low,0,Low,0,0.287354,0.61185,0.477383,0.0282003,0.197931
212,RL,0,BSDF Heavy,0,Low,0,Low,0,Low,0,Low,0,0.287357,0.611833,0.477372,0.028198,0.197931
213,RL,0,BSDF Heavy,0,Low,0,Low,0,Low,0,Low,0,0.287356,0.611825,0.477367,0.028181,0.197931
214,RL,0,BSDF Heavy,0,Low,0,Low,0,Low,0,Low,0,0.287355,0.611804,0.477354,0.0281903,0.197931
215,RL,0,BSDF Heavy,0,Low,0,Low,0,Low,0,Low,0,0.28735,0.611792,0.477347,0.028188,0.197931
216,RL,0,BSDF Heavy,0,Low,0,Low,0,Low,0,Low,0,0.287351,0.611774,0.477335,0.0281857,0.197852
217,RL,0,BSDF Heavy,0,Low,0,Low,0,Low,0,Low,0,0.287354,0.611749,0.47732,0.0281864,0.197852
218,RL,0,BSDF Heavy,0,Low,0,Low,0,Low,0,Low,0,0.287352,0.611737,0.477313,0.0281826,0.197852
219,RL,0,BSDF Heavy,0,Low,0,Low,0,Low,0,Low,0,0.287348,0.611719,0.477301,0.028178,0.197852
220,RL,0,BSDF Heavy,0,Low,0,Low,0,Low,0,Low,0,0.28735,0.611701,0.47729,0.028181,0.197852
221,RL,0,BSDF Heavy,0,Low,0,Low,0,Low,0,Low,0,0.287352,0.6117,0.47729,0.0281826,0.197852
222,RL,0,BSDF Heavy,0,Low,0,Low,0,Low,0,Low,0,0.287353,0.611695,0.477287,0.0281818,0.197852
223,RL,0,BSDF Heavy,0,Low,0,Low,0,Low,0,Low,0,0.287355,0.611689,0.477283,0.028181,0.197852
224,RL,0,Balanced,0,Low,0,Low,0,Low,0,Low,0,0.287347,0.611677,0.477275,0.0281849,0.197773
225,RL,0,Balanced,0,Low,0,Low,0,Low,0,Low,0,0.287344,0.611667,0.477269,0.0281726,0.197773
226,RL,0,Balanced,0,Low,0,Low,0,Low,0,Low,0,0.287349,0.611656,0.477262,0.0281672,0.197773
227,RL,0,Balanced,0,Low,0,Low,0,Low,0,Low,0,0.28735,0.611649,0.477258,0.0281595,0.197773
228,RL,0,Balanced,0,Low,0,Low,0,Low,0,Low,0,0.287349,0.61164,0.477252,0.0281526,0.197773
229,RL,0,Balanced,0,Low,0,Low,0,Low,0,Low,0,0.287349,0.611624,0.477242,0.0281488,0.197773
230,RL,0,Balanced,0,Low,0,Low,0,Low,0,Low,0,0.287348,0.611614,0.477236,0.0281526,0.197773
231,RL,0,Balanced,0,Low,0,Low,0,Low,0,Low,0,0.28735,0.61161,0.477233,0.0281465,0.197773
232,RL,0,BSDF Heavy,0,Low,0,Low,0,Low,0,Low,0,0.28735,0.611597,0.477226,0.0281342,0.197693
233,RL,0,BSDF Heavy,0,Low,0,Low,0,Low,0,Low,0,0.287345,0.611584,0.477218,0.0281434,0.197693
234,RL,0,BSDF Heavy,0,Low,0,Low,0,Low,0,Low,0,0.287347,0.611578,0.477214,0.0281434,0.197693
235,RL,0,BSDF Heavy,0,Low,0,Low,0,Low,0,Low,0,0.287346,0.611551,0.477197,0.0281534,0.197693
236,RL,0,BSDF Heavy,0,Low,0,Low,0,Low,0,Low,0,0.287342,0.611529,0.477184,0.0281526,0.197693
237,RL,0,BSDF Heavy,0,Low,0,Low,0,Low,0,Low,0,0.287341,0.611503,0.477167,0.0281449,0.197693
238,RL,0,BSDF Heavy,0,Low,0,Low,0,Low,0,Low,0,0.287338,0.611483,0.477155,0.0281626,0.197693
239,RL,0,BSDF Heavy,0,Low,0,Low,0,Low,0,Low,0,0.287339,0.611469,0.477146,0.028168,0.197693
240,RL,0,BSDF Heavy,0,Low,0,Low,0,Low,0,Low,0,0.287337,0.611449,0.477134,0.028168,0.197614
241,RL,0,BSDF Heavy,0,Low,0,Low,0,Low,0,Low,0,0.287339,0.611447,0.477133,0.028168,0.197614
242,RL,0,BSDF Heavy,0,Low,0,Low,0,Low,0,Low,0,0.287338,0.611428,0.477121,0.0281565,0.197614
243,RL,0,BSDF Heavy,0,Low,0,Low,0,Low,0,Low,0,0.287338,0.611416,0.477113,0.0281611,0.197614
244,RL,0,BSDF Heavy,0,Low,0,Low,0,Low,0,Low,0,0.287337,0.611406,0.477107,0.0281549,0.197614
245,RL,0,BSDF Heavy,0,Low,0,Low,0,Low,0,Low,0,0.287336,0.61141,0.47711,0.0281549,0.197614
246,RL,0,BSDF Heavy,0,Low,0,Low,0,Low,0,Low,0,0.287336,0.611387,0.477095,0.0281634,0.197614
247,RL,0,BSDF Heavy,0,Low,0,Low,0,Low,0,Low,0,0.287337,0.611377,0.477089,0.0281542,0.197614
248,RL,0,BSDF Heavy,0,Low,0,Low,0,Low,0,Low,0,0.287335,0.611362,0.47708,0.0281457,0.197535
249,RL,0,BSDF Heavy,0,Low,0,Low,0,Low,0,Low,0,0.287334,0.611353,0.477075,0.0281518,0.197535
250,RL,0,BSDF Heavy,0,Low,0,Low,0,Low,0,Low,0,0.287332,0.611349,0.477072,0.0281426,0.197535
251,RL,0,BSDF Heavy,0,Low,0,Low,0,Low,0,Low,0,0.287331,0.611331,0.477061,0.0281419,0.197535
252,RL,0,BSDF Heavy,0,Low,0,Low,0,Low,0,Low,0,0.287329,0.611313,0.477049,0.028148,0.197535
253,RL,0,BSDF Heavy,0,Low,0,Low,0,Low,0,Low,0,0.287325,0.611308,0.477046,0.0281503,0.197535
254,RL,0,BSDF Heavy,0,Low,0,Low,0,Low,0,Low,0,0.287331,0.6113,0.477041,0.0281388,0.197535
255,RL,0,BSDF Heavy,0,Low,0,Low,0,Low,0,Low,0,0.287332,0.611292,0.477037,0.0281273,0.197535
256,RL,0,BSDF Heavy,0,Low,0,Low,0,Low,0,Low,0,0.287326,0.611274,0.477025,0.0281303,0.197456
257,RL,0,BSDF Heavy,0,Low,0,Low,0,Low,0,Low,0,0.287327,0.611265,0.477019,0.0281296,0.197456
258,RL,0,BSDF Heavy,0,Low,0,Low,0,Low,0,Low,0,0.287325,0.611263,0.477018,0.028105,0.197456
259,RL,0,BSDF Heavy,0,Low,0,Low,0,Low,0,Low,0,0.287329,0.611254,0.477013,0.0281065,0.197456
260,RL,0,BSDF Heavy,0,Low,0,Low,0,Low,0,Low,0,0.287328,0.611262,0.477018,0.0281203,0.197456
261,RL,0,BSDF Heavy,0,Low,0,Low,0,Low,0,Low,0,0.287328,0.611259,0.477016,0.0281242,0.197456
262,RL,0,BSDF Heavy,0,Low,0,Low,0,Low,0,Low,0,0.287333,0.611256,0.477014,0.0281296,0.197456
263,RL,0,BSDF Heavy,0,Low,0,Low,0,Low,0,Low,0,0.287332,0.611243,0.477006,0.0281257,0.197456
264,RL,0,BSDF Heavy,0,Low,0,Low,0,Low,0,Low,0,0.28733,0.611231,0.476999,0.0281226,0.197377
265,RL,0,BSDF Heavy,0,Low,0,Low,0,Low,0,Low,0,0.287334,0.611227,0.476996,0.0281142,0.197377
266,RL,0,BSDF Heavy,0,Low,0,Low,0,Low,0,Low,0,0.287336,0.611223,0.476994,0.0281196,0.197377
267,RL,0,BSDF Heavy,0,Low,0,Low,0,Low,0,Low,0,0.287339,0.611221,0.476992,0.0281157,0.197377
268,RL,0,BSDF Heavy,0,Low,0,Low,0,Low,0,Low,0,0.287338,0.611196,0.476977,0.0281127,0.197377
269,RL,0,BSDF Heavy,0,Low,0,Low,0,Low,0,Low,0,0.287338,0.611189,0.476972,0.028105,0.197377
270,RL,0,BSDF Heavy,0,Low,0,Low,0,Low,0,Low,0,0.287341,0.611181,0.476968,0.028115,0.197377
271,RL,0,BSDF Heavy,0,Low,0,Low,0,Low,0,Low,0,0.287342,0.611174,0.476963,0.0281142,0.197377
272,RL,0,BSDF Heavy,0,Low,0,Low,0,Low,0,Low,0,0.287341,0.611159,0.476954,0.0281073,0.197298
273,RL,0,BSDF Heavy,0,Low,0,Low,0,Low,0,Low,0,0.28734,0.611142,0.476943,0.0281088,0.197298
274,RL,0,BSDF Heavy,0,Low,0,Low,0,Low,0,Low,0,0.287342,0.611141,0.476942,0.028105,0.197298
275,RL,0,BSDF Heavy,0,Low,0,Low,0,Low,0,Low,0,0.287339,0.61113,0.476936,0.0281065,0.197298
276,RL,0,BSDF Heavy,0,Low,0,Low,0,Low,0,Low,0,0.28734,0.611122,0.476931,0.0281127,0.197298
277,RL,0,BSDF Heavy,0,Low,0,Low,0,Low,0,Low,0,0.287341,0.611113,0.476925,0.0281034,0.197298
278,RL,0,BSDF Heavy,0,Low,0,Low,0,Low,0,Low,0,0.287342,0.611102,0.476918,0.0280996,0.197298
279,RL,0,BSDF Heavy,0,Low,0,Low,0,Low,0,Low,0,0.287343,0.611091,0.476912,0.0281073,0.197298
280,RL,0,BSDF Heavy,0,Low,0,Low,0,Low,0,Low,0,0.287346,0.611088,0.476909,0.0281142,0.19722
281,RL,0,BSDF Heavy,0,Low,0,Low,0,Low,0,Low,0,0.287344,0.611073,0.476901,0.0281057,0.19722
282,RL,0,BSDF Heavy,0,Low,0,Low,0,Low,0,Low,0,0.287348,0.611071,0.476899,0.0281011,0.19722
283,RL,0,BSDF Heavy,0,Low,0,Low,0,Low,0,Low,0,0.287341,0.611067,0.476897,0.0280981,0.19722
284,RL,0,BSDF Heavy,0,Low,0,Low,0,Low,0,Low,0,0.287343,0.611061,0.476893,0.0281042,0.19722
285,RL,0,BSDF Heavy,0,Low,0,Low,0,Low,0,Low,0,0.287341,0.611048,0.476885,0.028108,0.19722
286,RL,0,BSDF Heavy,0,Low,0,Low,0,Low,0,Low,0,0.287343,0.611034,0.476876,0.0281027,0.19722
287,RL,0,BSDF Heavy,0,Low,0,Low,0,Low,0,Low,0,0.287343,0.611021,0.476868,0.0280988,0.19722
288,RL,0,BSDF Heavy,0,Low,0,Low,0,Low,0,Low,0,0.287342,0.611011,0.476862,0.0281057,0.197141
289,RL,0,BSDF Heavy,0,Low,0,Low,0,Low,0,Low,0,0.28734,0.611012,0.476862,0.0280942,0.197141
290,RL,0,BSDF Heavy,0,Low,0,Low,0,Low,0,Low,0,0.28734,0.611005,0.476858,0.0280896,0.197141
291,RL,0,BSDF Heavy,0,Low,0,Low,0,Low,0,Low,0,0.287343,0.611001,0.476856,0.0280942,0.197141
292,RL,0,BSDF Heavy,0,Low,0,Low,0,Low,0,Low,0,0.287342,0.611,0.476855,0.0280904,0.197141
293,RL,0,BSDF Heavy,0,Low,0,Low,0,Low,0,Low,0,0.287344,0.610986,0.476846,0.0280873,0.197141
294,RL,0,BSDF Heavy,0,Low,0,Low,0,Low,0,Low,0,0.287342,0.610969,0.476836,0.0280819,0.197141
295,RL,0,BSDF Heavy,0,Low,0,Low,0,Low,0,Low,0,0.287346,0.610964,0.476833,0.0280758,0.197141
296,RL,0,BSDF Heavy,0,Low,0,Low,0,Low,0,Low,0,0.287345,0.61095,0.476824,0.0280781,0.197062
297,RL,0,BSDF Heavy,0,Low,0,Low,0,Low,0,Low,0,0.287344,0.610952,0.476825,0.0280819,0.197062
298,RL,0,BSDF Heavy,0,Low,0,Low,0,Low,0,Low,0,0.287341,0.610942,0.476819,0.0280842,0.197062
299,RL,0,BSDF Heavy,0,Low,0,Low,0,Low,0,Low,0,0.287342,0.610941,0.476818,0.0280642,0.197062
300,RL,0,BSDF Heavy,0,Low,0,Low,0,Low,0,Low,0,0.287343,0.610938,0.476817,0.0280758,0.197062
301,RL,0,BSDF Heavy,0,Low,0,Low,0,Low,0,Low,0,0.28734,0.610931,0.476812,0.0280712,0.197062
302,RL,0,BSDF Heavy,0,Low,0,Low,0,Low,0,Low,0,0.28734,0.610913,0.476801,0.0280712,0.197062
303,RL,0,BSDF Heavy,0,Low,0,Low,0,Low,0,Low,0,0.28734,0.610908,0.476798,0.0280642,0.197062
304,RL,0,BSDF Heavy,0,Low,0,Low,0,Low,0,Low,0,0.28734,0.610898,0.476792,0.0280573,0.196983
305,RL,0,BSDF Heavy,0,Low,0,Low,0,Low,0,Low,0,0.287339,0.610886,0.476784,0.0280719,0.196983
306,RL,0,BSDF Heavy,0,Low,0,Low,0,Low,0,Low,0,0.287341,0.610886,0.476784,0.0280704,0.196983
307,RL,0,BSDF Heavy,0,Low,0,Low,0,Low,0,Low,0,0.287342,0.610871,0.476775,0.0280727,0.196983
308,RL,0,BSDF Heavy,0,Low,0,Low,0,Low,0,Low,0,0.28734,0.610865,0.476772,0.0280727,0.196983
309,RL,0,BSDF Heavy,0,Low,0,Low,0,Low,0,Low,0,0.287337,0.610857,0.476766,0.0280635,0.196983
310,RL,0,BSDF Heavy,0,Low,0,Low,0,Low,0,Low,0,0.287336,0.610844,0.476759,0.0280773,0.196983
311,RL,0,BSDF Heavy,0,Low,0,Low,0,Low,0,Low,0,0.287335,0.610831,0.47675,0.0280665,0.196983
312,RL,0,BSDF Heavy,0,Low,0,Low,0,Low,0,Low,0,0.287336,0.610823,0.476745,0.0280712,0.196904
313,RL,0,BSDF Heavy,0,Low,0,Low,0,Low,0,Low,0,0.287334,0.610814,0.47674,0.0280842,0.196904
314,RL,0,BSDF Heavy,0,Low,0,Low,0,Low,0,Low,0,0.287331,0.610802,0.476732,0.0280835,0.196904
315,RL,0,BSDF Heavy,0,Low,0,Low,0,Low,0,Low,0,0.287331,0.610791,0.476726,0.0280619,0.196904
316,RL,0,BSDF Heavy,0,Low,0,Low,0,Low,0,Low,0,0.287333,0.610783,0.476721,0.0280681,0.196904
317,RL,0,BSDF Heavy,0,Low,0,Low,0,Low,0,Low,0,0.287331,0.610777,0.476717,0.0280642,0.196904
318,RL,0,BSDF Heavy,0,Low,0,Low,0,Low,0,Low,0,0.287336,0.610766,0.47671,0.0280665,0.196904
319,RL,0,BSDF Heavy,0,Low,0,Low,0,Low,0,Low,0,0.287334,0.610759,0.476705,0.0280635,0.196904
320,RL,0,BSDF Heavy,0,Low,0,Low,0,Low,0,Low,0,0.287338,0.610749,0.476699,0.028065,0.196825
321,RL,0,BSDF Heavy,0,Low,0,Low,0,Low,0,Low,0,0.287341,0.610744,0.476696,0.0280642,0.196825
322,RL,0,BSDF Heavy,0,Low,0,Low,0,Low,0,Low,0,0.28734,0.610739,0.476693,0.0280658,0.196825
323,RL,0,BSDF Heavy,0,Low,0,Low,0,Low,0,Low,0,0.287338,0.610732,0.476689,0.0280635,0.196825
324,RL,0,BSDF Heavy,0,Low,0,Low,0,Low,0,Low,0,0.287339,0.610737,0.476692,0.0280589,0.196825
325,RL,0,BSDF Heavy,0,Low,0,Low,0,Low,0,Low,0,0.287341,0.610739,0.476693,0.0280604,0.196825
326,RL,0,BSDF Heavy,0,Low,0,Low,0,Low,0,Low,0,0.287339,0.610728,0.476686,0.0280558,0.196825
327,RL,0,BSDF Heavy,0,Low,0,Low,0,Low,0,Low,0,0.287342,0.610719,0.476681,0.0280543,0.196825
328,RL,0,BSDF Heavy,0,Low,0,Low,0,Low,0,Low,0,0.287339,0.610712,0.476676,0.0280466,0.196747
329,RL,0,BSDF Heavy,0,Low,0,Low,0,Low,0,Low,0,0.287338,0.610698,0.476668,0.0280443,0.196747
330,RL,0,BSDF Heavy,0,Low,0,Low,0,Low,0,Low,0,0.287339,0.610696,0.476666,0.0280481,0.196747
331,RL,0,BSDF Heavy,0,Low,0,Low,0,Low,0,Low,0,0.287339,0.610686,0.47666,0.0280481,0.196747
332,RL,0,BSDF Heavy,0,Low,0,Low,0,Low,0,Low,0,0.287341,0.610683,0.476658,0.0280397,0.196747
333,RL,0,BSDF Heavy,0,Low,0,Low,0,Low,0,Low,0,0.28734,0.610678,0.476655,0.0280366,0.196747
334,RL,0,BSDF Heavy,0,Low,0,Low,0,Low,0,Low,0,0.287339,0.61067,0.47665,0.0280427,0.196747
335,RL,0,BSDF Heavy,0,Low,0,Low,0,Low,0,Low,0,0.287341,0.610659,0.476643,0.028032,0.196747
336,RL,0,BSDF Heavy,0,Low,0,Low,0,Low,0,Low,0,0.287341,0.610651,0.476639,0.0280397,0.196668
337,RL,0,BSDF Heavy,0,Low,0,Low,0,Low,0,Low,0,0.28734,0.610649,0.476637,0.0280297,0.196668
338,RL,0,BSDF Heavy,0,Low,0,Low,0,Low,0,Low,0,0.287339,0.610648,0.476637,0.0280212,0.196668
339,RL,0,BSDF Heavy,0,Low,0,Low,0,Low,0,Low,0,0.287337,0.610643,0.476633,0.0280181,0.196668
340,RL,0,BSDF Heavy,0,Low,0,Low,0,Low,0,Low,0,0.287336,0.610632,0.476627,0.0280174,0.196668
341,RL,0,BSDF Heavy,0,Low,0,Low,0,Low,0,Low,0,0.287336,0.610624,0.476622,0.0280189,0.196668
342,RL,0,BSDF Heavy,0,Low,0,Low,0,Low,0,Low,0,0.287336,0.610617,0.476617,0.0280112,0.196668
343,RL,0,BSDF Heavy,0,Low,0,Low,0,Low,0,Low,0,0.287338,0.610613,0.476615,0.0280112,0.196668
344,RL,0,BSDF Heavy,0,Low,0,Low,0,Low,0,Low,0,0.287332,0.610596,0.476605,0.028012,0.196589
345,RL,0,BSDF Heavy,0,Low,0,Low,0,Low,0,Low,0,0.287335,0.6106,0.476607,0.0280112,0.196589
346,RL,0,BSDF Heavy,0,Low,0,Low,0,Low,0,Low,0,0.287333,0.610598,0.476606,0.0280143,0.196589
347,RL,0,BSDF Heavy,0,Low,0,Low,0,Low,0,Low,0,0.287332,0.610592,0.476602,0.0280066,0.196589
348,RL,0,BSDF Heavy,0,Low,0,Low,0,Low,0,Low,0,0.287333,0.610584,0.476597,0.0280097,0.196589
349,RL,0,BSDF Heavy,0,Low,0,Low,0,Low,0,Low,0,0.287335,0.610576,0.476592,0.0280189,0.196589
350,RL,0,BSDF Heavy,0,Low,0,Low,0,Low,0,Low,0,0.287336,0.610575,0.476591,0.0280258,0.196589
351,RL,0,BSDF Heavy,0,Low,0,Low,0,Low,0,Low,0,0.287337,0.610569,0.476588,0.0280204,0.196589
352,RL,0,BSDF Heavy,0,Low,0,Low,0,Low,0,Low,0,0.287336,0.610561,0.476583,0.028022,0.196511
353,RL,0,BSDF Heavy,0,Low,0,Low,0,Low,0,Low,0,0.287336,0.610558,0.476581,0.0280258,0.196511
354,RL,0,BSDF Heavy,0,Low,0,Low,0,Low,0,Low,0,0.28734,0.610563,0.476584,0.028022,0.196511
355,RL,0,BSDF Heavy,0,Low,0,Low,0,Low,0,Low,0,0.287341,0.610559,0.476582,0.0280089,0.196511
356,RL,0,BSDF Heavy,0,Low,0,Low,0,Low,0,Low,0,0.28734,0.61055,0.476576,0.0280105,0.196511
357,RL,0,BSDF Heavy,0,Low,0,Low,0,Low,0,Low,0,0.287336,0.610529,0.476563,0.0280151,0.196511
358,RL,0,BSDF Heavy,0,Low,0,Low,0,Low,0,Low,0,0.287338,0.610528,0.476562,0.0280081,0.196511
359,RL,0,BSDF Heavy,0,Low,0,Low,0,Low,0,Low,0,0.287339,0.610523,0.476559,0.0280105,0.196511
360,RL,0,Balanced,0,Low,0,Low,0,Low,0,Low,0,0.28734,0.610522,0.476558,0.0280074,0.196432
361,RL,0,Balanced,0,Low,0,Low,0,Low,0,Low,0,0.287341,0.61052,0.476557,0.0280043,0.196432
362,RL,0,Balanced,0,Low,0,Low,0,Low,0,Low,0,0.28734,0.610511,0.476551,0.0280051,0.196432
363,RL,0,Balanced,0,Low,0,Low,0,Low,0,Low,0,0.287338,0.610511,0.476552,0.0280051,0.196432
364,RL,0,Balanced,0,Low,0,Low,0,Low,0,Low,0,0.287338,0.610503,0.476547,0.0280174,0.196432
365,RL,0,Balanced,0,Low,0,Low,0,Low,0,Low,0,0.287337,0.610491,0.476539,0.0279959,0.196432
366,RL,0,Balanced,0,Low,0,Low,0,Low,0,Low,0,0.287337,0.610484,0.476535,0.0280005,0.196432
367,RL,0,Balanced,0,Low,0,Low,0,Low,0,Low,0,0.287338,0.610482,0.476533,0.0280035,0.196432
368,RL,0,BSDF Heavy,0,Low,0,Low,0,Low,0,Low,0,0.287341,0.610481,0.476533,0.0280051,0.196354
369,RL,0,BSDF Heavy,0,Low,0,Low,0,Low,0,Low,0,0.28734,0.610473,0.476528,0.0280158,0.196354
370,RL,0,BSDF Heavy,0,Low,0,Low,0,Low,0,Low,0,0.287338,0.610469,0.476526,0.0280151,0.196354
371,RL,0,BSDF Heavy,0,Low,0,Low,0,Low,0,Low,0,0.287338,0.610461,0.47652,0.0280035,0.196354
372,RL,0,BSDF Heavy,0,Low,0,Low,0,Low,0,Low,0,0.287337,0.610455,0.476517,0.0280089,0.196354
373,RL,0,BSDF Heavy,0,Low,0,Low,0,Low,0,Low,0,0.287338,0.610459,0.476519,0.0280035,0.196354
374,RL,0,BSDF Heavy,0,Low,0,Low,0,Low,0,Low,0,0.287338,0.610455,0.476517,0.0279935,0.196354
375,RL,0,BSDF Heavy,0,Low,0,Low,0,Low,0,Low,0,0.287335,0.610449,0.476513,0.0279889,0.196354
376,RL,0,BSDF Heavy,0,Low,0,Low,0,Low,0,Low,0,0.287337,0.610438,0.476506,0.0279935,0.196275
377,RL,0,BSDF Heavy,0,Low,0,Low,0,Low,0,Low,0,0.287336,0.610433,0.476503,0.0279989,0.196275
378,RL,0,BSDF Heavy,0,Low,0,Low,0,Low,0,Low,0,0.287335,0.610434,0.476503,0.0279851,0.196275
379,RL,0,BSDF Heavy,0,Low,0,Low,0,Low,0,Low,0,0.287332,0.610422,0.476496,0.0279828,0.196275
380,RL,0,BSDF Heavy,0,Low,0,Low,0,Low,0,Low,0,0.287331,0.610418,0.476494,0.027982,0.196275
381,RL,0,BSDF Heavy,0,Low,0,Low,0,Low,0,Low,0,0.287331,0.610418,0.476494,0.0279851,0.196275
382,RL,0,BSDF Heavy,0,Low,0,Low,0,Low,0,Low,0,0.287332,0.610417,0.476493,0.027982,0.196275
383,RL,0,BSDF Heavy,0,Low,0,Low,0,Low,0,Low,0,0.287333,0.610411,0.47649,0.0279782,0.196275
384,RL,0,Balanced,0,Low,0,Low,0,Low,0,Low,0,0.287336,0.610408,0.476488,0.0279836,0.196197
385,RL,0,Balanced,0,Low,0,Low,0,Low,0,Low,0,0.287335,0.610406,0.476486,0.0279836,0.196197
386,RL,0,Balanced,0,Low,0,Low,0,Low,0,Low,0,0.287333,0.610399,0.476482,0.027982,0.196197
387,RL,0,Balanced,0,Low,0,Low,0,Low,0,Low,0,0.287331,0.610387,0.476475,0.0279851,0.196197
388,RL,0,Balanced,0,Low,0,Low,0,Low,0,Low,0,0.287334,0.610385,0.476473,0.0279797,0.196197
389,RL,0,Balanced,0,Low,0,Low,0,Low,0,Low,0,0.287332,0.610386,0.476474,0.0279766,0.196197
390,RL,0,Balanced,0,Low,0,Low,0,Low,0,Low,0,0.287332,0.610378,0.476469,0.0279805,0.196197
391,RL,0,Balanced,0,Low,0,Low,0,Low,0,Low,0,0.287334,0.610379,0.47647,0.0279728,0.196197
392,RL,0,BSDF Heavy,0,Low,0,Low,0,Low,0,Low,0,0.287335,0.610374,0.476466,0.0279843,0.196118
393,RL,0,BSDF Heavy,0,Low,0,Low,0,Low,0,Low,0,0.287337,0.610367,0.476462,0.0279713,0.196118
394,RL,0,BSDF Heavy,0,Low,0,Low,0,Low,0,Low,0,0.287338,0.610362,0.476459,0.0279751,0.196118
395,RL,0,BSDF Heavy,0,Low,0,Low,0,Low,0,Low,0,0.287338,0.610359,0.476457,0.027982,0.196118
396,RL,0,BSDF Heavy,0,Low,0,Low,0,Low,0,Low,0,0.287337,0.610354,0.476454,0.0279697,0.196118
397,RL,0,BSDF Heavy,0,Low,0,Low,0,Low,0,Low,0,0.287335,0.610348,0.476451,0.0279743,0.196118
398,RL,0,BSDF Heavy,0,Low,0,Low,0,Low,0,Low,0,0.287334,0.610348,0.47645,0.0279682,0.196118
399,RL,0,BSDF Heavy,0,Low,0,Low,0,Low,0,Low,0,0.287333,0.610347,0.47645,0.0279651,0.196118
400,RL,0,BSDF Heavy,0,Low,0,Low,0,Low,0,Low,0,0.287335,0.61034,0.476446,0.0279697,0.19604
401,RL,0,BSDF Heavy,0,Low,0,Low,0,Low,0,Low,0,0.287333,0.610338,0.476444,0.0279728,0.19604
402,RL,0,BSDF Heavy,0,Low,0,Low,0,Low,0,Low,0,0.287331,0.610335,0.476442,0.0279682,0.19604
403,RL,0,BSDF Heavy,0,Low,0,Low,0,Low,0,Low,0,0.287331,0.610331,0.47644,0.0279666,0.19604
404,RL,0,BSDF Heavy,0,Low,0,Low,0,Low,0,Low,0,0.287331,0.610322,0.476434,0.0279705,0.19604
405,RL,0,BSDF Heavy,0,Low,0,Low,0,Low,0,Low,0,0.287332,0.610317,0.476431,0.0279751,0.19604
406,RL,0,BSDF Heavy,0,Low,0,Low,0,Low,0,Low,0,0.287335,0.610312,0.476428,0.0279751,0.19604
407,RL,0,BSDF Heavy,0,Low,0,Low,0,Low,0,Low,0,0.287333,0.610304,0.476423,0.0279782,0.19604
408,RL,0,BSDF Heavy,0,Low,0,Low,0,Low,0,Low,0,0.287333,0.6103,0.476421,0.0279759,0.195961
409,RL,0,BSDF Heavy,0,Low,0,Low,0,Low,0,Low,0,0.287336,0.610298,0.476419,0.0279759,0.195961
410,RL,0,BSDF Heavy,0,Low,0,Low,0,Low,0,Low,0,0.287333,0.610292,0.476416,0.0279759,0.195961
411,RL,0,BSDF Heavy,0,Low,0,Low,0,Low,0,Low,0,0.287333,0.610283,0.47641,0.027972,0.195961
412,RL,0,BSDF Heavy,0,Low,0,Low,0,Low,0,Low,0,0.287332,0.610281,0.476409,0.0279713,0.195961
413,RL,0,BSDF Heavy,0,Low,0,Low,0,Low,0,Low,0,0.287333,0.610287,0.476412,0.0279705,0.195961
414,RL,0,BSDF Heavy,0,Low,0,Low,0,Low,0,Low,0,0.287335,0.610279,0.476407,0.0279613,0.195961
415,RL,0,BSDF Heavy,0,Low,0,Low,0,Low,0,Low,0,0.287336,0.610278,0.476407,0.0279666,0.195961
416,RL,0,BSDF Heavy,0,Low,0,Low,0,Low,0,Low,0,0.287335,0.610275,0.476405,0.0279659,0.195883
417,RL,0,BSDF Heavy,0,Low,0,Low,0,Low,0,Low,0,0.287334,0.610272,0.476403,0.0279697,0.195883
418,RL,0,BSDF Heavy,0,Low,0,Low,0,Low,0,Low,0,0.287334,0.61027,0.476402,0.0279574,0.195883
419,RL,0,BSDF Heavy,0,Low,0,Low,0,Low,0,Low,0,0.287334,0.610265,0.476399,0.0279643,0.195883
420,RL,0,BSDF Heavy,0,Low,0,Low,0,Low,0,Low,0,0.287335,0.610258,0.476395,0.0279544,0.195883
421,RL,0,BSDF Heavy,0,Low,0,Low,0,Low,0,Low,0,0.287336,0.610257,0.476394,0.0279597,0.195883
422,RL,0,BSDF Heavy,0,Low,0,Low,0,Low,0,Low,0,0.287336,0.610247,0.476388,0.0279505,0.195883
423,RL,0,BSDF Heavy,0,Low,0,Low,0,Low,0,Low,0,0.287336,0.610243,0.476385,0.027952,0.195883
424,RL,0,BSDF Heavy,0,Low,0,Low,0,Low,0,Low,0,0.287337,0.610242,0.476385,0.0279497,0.195805
425,RL,0,BSDF Heavy,0,Low,0,Low,0,Low,0,Low,0,0.287335,0.610237,0.476381,0.0279428,0.195805
426,RL,0,BSDF Heavy,0,Low,0,Low,0,Low,0,Low,0,0.287335,0.610231,0.476377,0.0279436,0.195805
427,RL,0,BSDF Heavy,0,Low,0,Low,0,Low,0,Low,0,0.287334,0.610221,0.476372,0.0279459,0.195805
428,RL,0,BSDF Heavy,0,Low,0,Low,0,Low,0,Low,0,0.287334,0.610213,0.476366,0.027949,0.195805
429,RL,0,BSDF Heavy,0,Low,0,Low,0,Low,0,Low,0,0.287331,0.610209,0.476364,0.0279405,0.195805
430,RL,0,BSDF Heavy,0,Low,0,Low,0,Low,0,Low,0,0.287332,0.610207,0.476362,0.0279344,0.195805
431,RL,0,BSDF Heavy,0,Low,0,Low,0,Low,0,Low,0,0.287331,0.610205,0.476362,0.0279413,0.195805
432,RL,0,BSDF Heavy,0,Low,0,Low,0,Low,0,Low,0,0.287333,0.610199,0.476358,0.027939,0.195726
433,RL,0,BSDF Heavy,0,Low,0,Low,0,Low,0,Low,0,0.287336,0.610198,0.476357,0.0279405,0.195726
434,RL,0,BSDF Heavy,0,Low,0,Low,0,Low,0,Low,0,0.287336,0.610188,0.476351,0.0279382,0.195726
435,RL,0,BSDF Heavy,0,Low,0,Low,0,Low,0,Low,0,0.287334,0.610181,0.476347,0.0279413,0.195726
436,RL,0,BSDF Heavy,0,Low,0,Low,0,Low,0,Low,0,0.287332,0.610175,0.476343,0.0279459,0.195726
437,RL,0,BSDF Heavy,0,Low,0,Low,0,Low,0,Low,0,0.287336,0.610172,0.476341,0.0279536,0.195726
438,RL,0,BSDF Heavy,0,Low,0,Low,0,Low,0,Low,0,0.287335,0.610163,0.476336,0.0279428,0.195726
439,RL,0,BSDF Heavy,0,Low,0,Low,0,Low,0,Low,0,0.287334,0.610157,0.476332,0.0279413,0.195726
440,RL,0,BSDF Heavy,0,Low,0,Low,0,Low,0,Low,0,0.287335,0.610157,0.476332,0.0279413,0.195648
441,RL,0,BSDF Heavy,0,Low,0,Low,0,Low,0,Low,0,0.287336,0.610158,0.476333,0.0279482,0.195648
442,RL,0,BSDF Heavy,0,Low,0,Low,0,Low,0,Low,0,0.287336,0.610151,0.476328,0.0279474,0.195648
443,RL,0,BSDF Heavy,0,Low,0,Low,0,Low,0,Low,0,0.287334,0.610148,0.476326,0.0279428,0.195648
444,RL,0,BSDF Heavy,0,Low,0,Low,0,Low,0,Low,0,0.287335,0.610147,0.476326,0.0279398,0.195648
445,RL,0,BSDF Heavy,0,Low,0,Low,0,Low,0,Low,0,0.287337,0.610147,0.476325,0.0279367,0.195648
446,RL,0,BSDF Heavy,0,Low,0,Low,0,Low,0,Low,0,0.287337,0.610136,0.476319,0.0279328,0.195648
447,RL,0,BSDF Heavy,0,Low,0,Low,0,Low,0,Low,0,0.28734,0.610136,0.476319,0.0279382,0.195648
448,RL,0,BSDF Heavy,0,Low,0,Low,0,Low,0,Low,0,0.287342,0.610141,0.476321,0.0279321,0.19557
449,RL,0,BSDF Heavy,0,Low,0,Low,0,Low,0,Low,0,0.287344,0.610139,0.47632,0.0279252,0.19557
450,RL,0,BSDF Heavy,0,Low,0,Low,0,Low,0,Low,0,0.287344,0.61014,0.476321,0.0279282,0.19557
451,RL,0,BSDF Heavy,0,Low,0,Low,0,Low,0,Low,0,0.287345,0.610136,0.476318,0.0279351,0.19557
452,RL,0,BSDF Heavy,0,Low,0,Low,0,Low,0,Low,0,0.287345,0.610133,0.476317,0.0279328,0.19557
453,RL,0,BSDF Heavy,0,Low,0,Low,0,Low,0,Low,0,0.287347,0.610127,0.476313,0.027929,0.19557
454,RL,0,BSDF Heavy,0,Low,0,Low,0,Low,0,Low,0,0.287345,0.610129,0.476315,0.0279305,0.19557
455,RL,0,BSDF Heavy,0,Low,0,Low,0,Low,0,Low,0,0.287347,0.610132,0.476316,0.0279175,0.19557
456,RL,0,BSDF Heavy,0,Low,0,Low,0,Low,0,Low,0,0.287346,0.610129,0.476314,0.0279152,0.195492
457,RL,0,BSDF Heavy,0,Low,0,Low,0,Low,0,Low,0,0.287346,0.610124,0.476311,0.0279213,0.195492
458,RL,0,BSDF Heavy,0,Low,0,Low,0,Low,0,Low,0,0.287345,0.610118,0.476308,0.0279182,0.195492
459,RL,0,BSDF Heavy,0,Low,0,Low,0,Low,0,Low,0,0.287344,0.610112,0.476304,0.0279213,0.195492
460,RL,0,BSDF Heavy,0,Low,0,Low,0,Low,0,Low,0,0.287343,0.610115,0.476305,0.0279275,0.195492
461,RL,0,BSDF Heavy,0,Low,0,Low,0,Low,0,Low,0,0.287343,0.610111,0.476303,0.0279275,0.195492
462,RL,0,BSDF Heavy,0,Low,0,Low,0,Low,0,Low,0,0.287342,0.61011,0.476302,0.0279252,0.195492
463,RL,0,BSDF Heavy,0,Low,0,Low,0,Low,0,Low,0,0.28734,0.610105,0.476299,0.0279305,0.195492
464,RL,0,BSDF Heavy,0,Low,0,Low,0,Low,0,Low,0,0.287338,0.610108,0.476301,0.0279282,0.195413
465,RL,0,BSDF Heavy,0,Low,0,Low,0,Low,0,Low,0,0.287337,0.610095,0.476293,0.0279244,0.195413
466,RL,0,BSDF Heavy,0,Low,0,Low,0,Low,0,Low,0,0.287336,0.610095,0.476293,0.0279228,0.195413
467,RL,0,BSDF Heavy,0,Low,0,Low,0,Low,0,Low,0,0.287336,0.610089,0.476289,0.0279252,0.195413
468,RL,0,BSDF Heavy,0,Low,0,Low,0,Low,0,Low,0,0.287336,0.61008,0.476284,0.0279298,0.195413
469,RL,0,BSDF Heavy,0,Low,0,Low,0,Low,0,Low,0,0.287335,0.610071,0.476278,0.0279259,0.195413
470,RL,0,BSDF Heavy,0,Low,0,Low,0,Low,0,Low,0,0.287335,0.610062,0.476273,0.0279236,0.195413
471,RL,0,BSDF Heavy,0,Low,0,Low,0,Low,0,Low,0,0.287336,0.610065,0.476275,0.0279213,0.195413
472,RL,0,BSDF Heavy,0,Low,0,Low,0,Low,0,Low,0,0.287337,0.610061,0.476272,0.0279198,0.195335
473,RL,0,BSDF Heavy,0,Low,0,Low,0,Low,0,Low,0,0.287336,0.610057,0.476269,0.0279167,0.195335
474,RL,0,BSDF Heavy,0,Low,0,Low,0,Low,0,Low,0,0.287339,0.61006,0.476272,0.0279244,0.195335
475,RL,0,BSDF Heavy,0,Low,0,Low,0,Low,0,Low,0,0.28734,0.610057,0.476269,0.0279244,0.195335
476,RL,0,BSDF Heavy,0,Low,0,Low,0,Low,0,Low,0,0.287336,0.610053,0.476267,0.0279228,0.195335
477,RL,0,BSDF Heavy,0,Low,0,Low,0,Low,0,Low,0,0.287337,0.61005,0.476265,0.0279259,0.195335
478,RL,0,BSDF Heavy,0,Low,0,Low,0,Low,0,Low,0,0.287338,0.610049,0.476264,0.0279267,0.195335
479,RL,0,BSDF Heavy,0,Low,0,Low,0,Low,0,Low,0,0.287336,0.610042,0.47626,0.0279236,0.195335
480,RL,0,BSDF Heavy,0,Low,0,Low,0,Low,0,Low,0,0.287337,0.610042,0.47626,0.0279228,0.195257
481,RL,0,BSDF Heavy,0,Low,0,Low,0,Low,0,Low,0,0.287336,0.61004,0.476259,0.0279221,0.195257
482,RL,0,BSDF Heavy,0,Low,0,Low,0,Low,0,Low,0,0.287334,0.610035,0.476256,0.027919,0.195257
483,RL,0,BSDF Heavy,0,Low,0,Low,0,Low,0,Low,0,0.287336,0.610033,0.476255,0.0279159,0.195257
484,RL,0,BSDF Heavy,0,Low,0,Low,0,Low,0,Low,0,0.287338,0.610034,0.476255,0.0279198,0.195257
485,RL,0,BSDF Heavy,0,Low,0,Low,0,Low,0,Low,0,0.287339,0.61003,0.476253,0.0279313,0.195257
486,RL,0,BSDF Heavy,0,Low,0,Low,0,Low,0,Low,0,0.287338,0.610029,0.476252,0.0279267,0.195257
487,RL,0,BSDF Heavy,0,Low,0,Low,0,Low,0,Low,0,0.287339,0.610018,0.476245,0.0279198,0.195257
488,RL,0,BSDF Heavy,0,Low,0,Low,0,Low,0,Low,0,0.287338,0.610021,0.476247,0.0279175,0.195179
489,RL,0,BSDF Heavy,0,Low,0,Low,0,Low,0,Low,0,0.287337,0.610022,0.476248,0.0279205,0.195179
490,RL,0,BSDF Heavy,0,Low,0,Low,0,Low,0,Low,0,0.287337,0.610021,0.476247,0.0279182,0.195179
491,RL,0,BSDF Heavy,0,Low,0,Low,0,Low,0,Low,0,0.287339,0.610018,0.476246,0.0279098,0.195179
492,RL,0,BSDF Heavy,0,Low,0,Low,0,Low,0,Low,0,0.287338,0.610015,0.476244,0.0279082,0.195179
493,RL,0,BSDF Heavy,0,Low,0,Low,0,Low,0,Low,0,0.28734,0.610015,0.476244,0.0279106,0.195179
494,RL,0,BSDF Heavy,0,Low,0,Low,0,Low,0,Low,0,0.287341,0.61001,0.47624,0.0279106,0.195179
495,RL,0,BSDF Heavy,0,Low,0,Low,0,Low,0,Low,0,0.28734,0.610009,0.47624,0.0279167,0.195179
496,RL,0,BSDF Heavy,0,Low,0,Low,0,Low,0,Low,0,0.28734,0.61001,0.47624,0.0279136,0.195101
497,RL,0,BSDF Heavy,0,Low,0,Low,0,Low,0,Low,0,0.287339,0.610005,0.476237,0.0279067,0.195101
498,RL,0,BSDF Heavy,0,Low,0,Low,0,Low,0,Low,0,0.287341,0.609996,0.476232,0.0279082,0.195101
499,RL,0,BSDF Heavy,0,Low,0,Low,0,Low,0,Low,0,0.287343,0.609996,0.476232,0.0279106,0.195101
500,RL,0,BSDF Heavy,0,Low,0,Low,0,Low,0,Low,0,0.287343,0.609992,0.476229,0.0279106,0.195101
501,RL,0,BSDF Heavy,0,Low,0,Low,0,Low,0,Low,0,0.287344,0.609993,0.47623,0.027919,0.195101
502,RL,0,BSDF Heavy,0,Low,0,Low,0,Low,0,Low,0,0.287342,0.60999,0.476228,0.0279182,0.195101
503,RL,0,BSDF Heavy,0,Low,0,Low,0,Low,0,Low,0,0.287343,0.609987,0.476226,0.0279221,0.195101
504,RL,0,BSDF Heavy,0,Low,0,Low,0,Low,0,Low,0,0.287344,0.609989,0.476227,0.0279152,0.195023
505,RL,0,BSDF Heavy,0,Low,0,Low,0,Low,0,Low,0,0.287345,0.609987,0.476226,0.0279182,0.195023
506,RL,0,BSDF Heavy,0,Low,0,Low,0,Low,0,Low,0,0.287347,0.609982,0.476223,0.0279213,0.195023
507,RL,0,BSDF Heavy,0,Low,0,Low,0,Low,0,Low,0,0.287347,0.60998,0.476222,0.0279144,0.195023
508,RL,0,BSDF Heavy,0,Low,0,Low,0,Low,0,Low,0,0.287345,0.609974,0.476218,0.0279129,0.195023
509,RL,0,BSDF Heavy,0,Low,0,Low,0,Low,0,Low,0,0.287344,0.609964,0.476212,0.0279121,0.195023
510,RL,0,BSDF Heavy,0,Low,0,Low,0,Low,0,Low,0,0.287343,0.609962,0.476211,0.0279121,0.195023
511,RL,0,BSDF Heavy,0,Low,0,Low,0,Low,0,Low,0,0.287342,0.609954,0.476205,0.027909,0.195023
512,RL,0,BSDF Heavy,0,Low,0,Low,0,Low,0,Low,0,0.287342,0.609949,0.476202,0.0279113,0.194945
513,RL,0,BSDF Heavy,0,Low,0,Low,0,Low,0,Low,0,0.28734,0.60995,0.476203,0.0279098,0.194945
514,RL,0,BSDF Heavy,0,Low,0,Low,0,Low,0,Low,0,0.287343,0.60995,0.476203,0.0279098,0.194945
515,RL,0,BSDF Heavy,0,Low,0,Low,0,Low,0,Low,0,0.287343,0.60995,0.476203,0.0279075,0.194945
516,RL,0,BSDF Heavy,0,Low,0,Low,0,Low,0,Low,0,0.287344,0.609952,0.476204,0.0279036,0.194945
517,RL,0,BSDF Heavy,0,Low,0,Low,0,Low,0,Low,0,0.287342,0.609946,0.476201,0.027909,0.194945
518,RL,0,BSDF Heavy,0,Low,0,Low,0,Low,0,Low,0,0.287342,0.609946,0.4762,0.0279036,0.194945
519,RL,0,BSDF Heavy,0,Low,0,Low,0,Low,0,Low,0,0.287343,0.609947,0.476201,0.0279067,0.194945
520,RL,0,Light Heavy,0,Low,0,Low,0,Low,0,Low,0,0.287339,0.609939,0.476196,0.0279059,0.194867
521,RL,0,Light Heavy,0,Low,0,Low,0,Low,0,Low,0,0.287339,0.609936,0.476194,0.027909,0.194867
522,RL,0,Light Heavy,0,Low,0,Low,0,Low,0,Low,0,0.28734,0.609935,0.476194,0.0279059,0.194867
523,RL,0,Light Heavy,0,Low,0,Low,0,Low,0,Low,0,0.287338,0.609928,0.476189,0.0279067,0.194867
524,RL,0,Light Heavy,0,Low,0,Low,0,Low,0,Low,0,0.287338,0.609915,0.476181,0.0278998,0.194867
525,RL,0,Light Heavy,0,Low,0,Low,0,Low,0,Low,0,0.287335,0.609913,0.47618,0.0278944,0.194867
526,RL,0,Light Heavy,0,Low,0,Low,0,Low,0,Low,0,0.287335,0.609914,0.47618,0.027889,0.194867
527,RL,0,Light Heavy,0,Low,0,Low,0,Low,0,Low,0,0.287335,0.609911,0.476179,0.0278913,0.194867
528,RL,0,BSDF Heavy,0,Low,0,Low,0,Low,0,Low,0,0.287336,0.60991,0.476178,0.0278837,0.194789
529,RL,0,BSDF Heavy,0,Low,0,Low,0,Low,0,Low,0,0.287336,0.609914,0.476181,0.0278813,0.194789
530,RL,0,BSDF Heavy,0,Low,0,Low,0,Low,0,Low,0,0.287332,0.609909,0.476178,0.0278767,0.194789
531,RL,0,BSDF Heavy,0,Low,0,Low,0,Low,0,Low,0,0.287334,0.609906,0.476176,0.0278775,0.194789
532,RL,0,BSDF Heavy,0,Low,0,Low,0,Low,0,Low,0,0.287335,0.609905,0.476175,0.0278783,0.194789
533,RL,0,BSDF Heavy,0,Low,0,Low,0,Low,0,Low,0,0.287335,0.609905,0.476175,0.0278936,0.194789
534,RL,0,BSDF Heavy,0,Low,0,Low,0,Low,0,Low,0,0.287334,0.609901,0.476173,0.027889,0.194789
535,RL,0,BSDF Heavy,0,Low,0,Low,0,Low,0,Low,0,0.287332,0.609894,0.476168,0.0278959,0.194789
536,RL,0,BSDF Heavy,0,Low,0,Low,0,Low,0,Low,0,0.287333,0.609897,0.47617,0.0278936,0.194711
537,RL,0,BSDF Heavy,0,Low,0,Low,0,Low,0,Low,0,0.287331,0.609893,0.476168,0.0278936,0.194711
538,RL,0,BSDF Heavy,0,Low,0,Low,0,Low,0,Low,0,0.287331,0.609888,0.476164,0.0278852,0.194711
539,RL,0,BSDF Heavy,0,Low,0,Low,0,Low,0,Low,0,0.287332,0.609887,0.476164,0.0278813,0.194711
540,RL,0,BSDF Heavy,0,Low,0,Low,0,Low,0,Low,0,0.287331,0.609888,0.476165,0.027886,0.194711
541,RL,0,BSDF Heavy,0,Low,0,Low,0,Low,0,Low,0,0.287331,0.60989,0.476166,0.0278837,0.194711
542,RL,0,BSDF Heavy,0,Low,0,Low,0,Low,0,Low,0,0.287332,0.609889,0.476165,0.0278837,0.194711
543,RL,0,BSDF Heavy,0,Low,0,Low,0,Low,0,Low,0,0.287331,0.609887,0.476164,0.027886,0.194711
544,RL,0,BSDF Heavy,0,Low,0,Low,0,Low,0,Low,0,0.287331,0.609885,0.476163,0.027879,0.194633
545,RL,0,BSDF Heavy,0,Low,0,Low,0,Low,0,Low,0,0.287332,0.609878,0.476159,0.0278691,0.194633
546,RL,0,BSDF Heavy,0,Low,0,Low,0,Low,0,Low,0,0.28733,0.609874,0.476156,0.0278691,0.194633
547,RL,0,BSDF Heavy,0,Low,0,Low,0,Low,0,Low,0,0.287331,0.609869,0.476153,0.0278729,0.194633
548,RL,0,BSDF Heavy,0,Low,0,Low,0,Low,0,Low,0,0.28733,0.60987,0.476153,0.0278775,0.194633
549,RL,0,BSDF Heavy,0,Low,0,Low,0,Low,0,Low,0,0.28733,0.609872,0.476155,0.0278775,0.194633
550,RL,0,BSDF Heavy,0,Low,0,Low,0,Low,0,Low,0,0.287331,0.609872,0.476154,0.0278783,0.194633
551,RL,0,BSDF Heavy,0,Low,0,Low,0,Low,0,Low,0,0.287331,0.609869,0.476153,0.0278744,0.194633
552,RL,0,BSDF Heavy,0,Low,0,Low,0,Low,0,Low,0,0.287331,0.609864,0.476149,0.0278806,0.194555
553,RL,0,BSDF Heavy,0,Low,0,Low,0,Low,0,Low,0,0.287333,0.609864,0.47615,0.0278775,0.194555
554,RL,0,BSDF Heavy,0,Low,0,Low,0,Low,0,Low,0,0.287333,0.609861,0.476148,0.0278752,0.194555
555,RL,0,BSDF Heavy,0,Low,0,Low,0,Low,0,Low,0,0.287332,0.609857,0.476145,0.0278737,0.194555
556,RL,0,BSDF Heavy,0,Low,0,Low,0,Low,0,Low,0,0.28733,0.609851,0.476142,0.0278698,0.194555
557,RL,0,BSDF Heavy,0,Low,0,Low,0,Low,0,Low,0,0.28733,0.609852,0.476142,0.0278744,0.194555
558,RL,0,BSDF Heavy,0,Low,0,Low,0,Low,0,Low,0,0.287332,0.609853,0.476143,0.0278737,0.194555
559,RL,0,BSDF Heavy,0,Low,0,Low,0,Low,0,Low,0,0.287334,0.609852,0.476142,0.0278714,0.194555
560,RL,0,BSDF Heavy,0,Low,0,Low,0,Low,0,Low,0,0.287333,0.609847,0.476139,0.0278667,0.194478
561,RL,0,BSDF Heavy,0,Low,0,Low,0,Low,0,Low,0,0.287334,0.609852,0.476142,0.0278629,0.194478
562,RL,0,BSDF Heavy,0,Low,0,Low,0,Low,0,Low,0,0.287335,0.609845,0.476138,0.0278667,0.194478
563,RL,0,BSDF Heavy,0,Low,0,Low,0,Low,0,Low,0,0.287337,0.609843,0.476137,0.0278691,0.194478
564,RL,0,BSDF Heavy,0,Low,0,Low,0,Low,0,Low,0,0.287334,0.609841,0.476135,0.0278683,0.194478
565,RL,0,BSDF Heavy,0,Low,0,Low,0,Low,0,Low,0,0.287334,0.609844,0.476137,0.0278714,0.194478
566,RL,0,BSDF Heavy,0,Low,0,Low,0,Low,0,Low,0,0.287332,0.609838,0.476134,0.0278683,0.194478
567,RL,0,BSDF Heavy,0,Low,0,Low,0,Low,0,Low,0,0.287331,0.609838,0.476134,0.0278706,0.194478
568,RL,0,BSDF Heavy,0,Low,0,Low,0,Low,0,Low,0,0.287332,0.609841,0.476135,0.027876,0.1944
569,RL,0,BSDF Heavy,0,Low,0,Low,0,Low,0,Low,0,0.28733,0.60984,0.476135,0.0278714,0.1944
570,RL,0,BSDF Heavy,0,Low,0,Low,0,Low,0,Low,0,0.287329,0.609835,0.476132,0.027879,0.1944
571,RL,0,BSDF Heavy,0,Low,0,Low,0,Low,0,Low,0,0.287328,0.609834,0.476131,0.0278829,0.1944
572,RL,0,BSDF Heavy,0,Low,0,Low,0,Low,0,Low,0,0.287328,0.609834,0.476131,0.0278767,0.1944
573,RL,0,BSDF Heavy,0,Low,0,Low,0,Low,0,Low,0,0.287328,0.609836,0.476132,0.0278714,0.1944
574,RL,0,BSDF Heavy,0,Low,0,Low,0,Low,0,Low,0,0.287328,0.609836,0.476132,0.0278698,0.1944
575,RL,0,BSDF Heavy,0,Low,0,Low,0,Low,0,Low,0,0.287328,0.609833,0.47613,0.0278591,0.1944
576,RL,0,BSDF Heavy,0,Low,0,Low,0,Low,0,Low,0,0.287326,0.609827,0.476127,0.0278629,0.194322
577,RL,0,BSDF Heavy,0,Low,0,Low,0,Low,0,Low,0,0.287328,0.609827,0.476127,0.0278644,0.194322
578,RL,0,BSDF Heavy,0,Low,0,Low,0,Low,0,Low,0,0.287328,0.609831,0.476129,0.0278644,0.194322
579,RL,0,BSDF Heavy,0,Low,0,Low,0,Low,0,Low,0,0.287328,0.609832,0.47613,0.0278652,0.194322
580,RL,0,BSDF Heavy,0,Low,0,Low,0,Low,0,Low,0,0.287327,0.609828,0.476127,0.0278652,0.194322
581,RL,0,BSDF Heavy,0,Low,0,Low,0,Low,0,Low,0,0.287329,0.609826,0.476126,0.0278652,0.194322
582,RL,0,BSDF Heavy,0,Low,0,Low,0,Low,0,Low,0,0.287329,0.609827,0.476126,0.0278721,0.194322
583,RL,0,BSDF Heavy,0,Low,0,Low,0,Low,0,Low,0,0.28733,0.609825,0.476125,0.0278737,0.194322
584,RL,0,Light Heavy,0,Low,0,Low,0,Low,0,Low,0,0.28733,0.609823,0.476125,0.027876,0.194244
585,RL,0,Light Heavy,0,Low,0,Low,0,Low,0,Low,0,0.287332,0.609821,0.476123,0.0278737,0.194244
586,RL,0,Light Heavy,0,Low,0,Low,0,Low,0,Low,0,0.287331,0.609817,0.476121,0.0278714,0.194244
587,RL,0,Light Heavy,0,Low,0,Low,0,Low,0,Low,0,0.28733,0.609813,0.476118,0.027866,0.194244
588,RL,0,Light Heavy,0,Low,0,Low,0,Low,0,Low,0,0.287327,0.609811,0.476117,0.027866,0.194244
589,RL,0,Light Heavy,0,Low,0,Low,0,Low,0,Low,0,0.287326,0.609815,0.47612,0.0278675,0.194244
590,RL,0,Light Heavy,0,Low,0,Low,0,Low,0,Low,0,0.287328,0.609815,0.476119,0.0278637,0.194244
591,RL,0,Light Heavy,0,Low,0,Low,0,Low,0,Low,0,0.287326,0.60981,0.476116,0.0278545,0.194244
592,RL,0,BSDF Heavy,0,Low,0,Low,0,Low,0,Low,0,0.287326,0.609807,0.476114,0.0278529,0.194167
593,RL,0,BSDF Heavy,0,Low,0,Low,0,Low,0,Low,0,0.287325,0.609806,0.476113,0.0278514,0.194167
594,RL,0,BSDF Heavy,0,Low,0,Low,0,Low,0,Low,0,0.287325,0.609807,0.476114,0.0278529,0.194167
595,RL,0,BSDF Heavy,0,Low,0,Low,0,Low,0,Low,0,0.287325,0.609802,0.476111,0.0278475,0.194167
596,RL,0,BSDF Heavy,0,Low,0,Low,0,Low,0,Low,0,0.287326,0.609798,0.476109,0.0278498,0.194167
597,RL,0,BSDF Heavy,0,Low,0,Low,0,Low,0,Low,0,0.287327,0.609798,0.476109,0.0278545,0.194167
598,RL,0,BSDF Heavy,0,Low,0,Low,0,Low,0,Low,0,0.287328,0.609801,0.47611,0.0278437,0.194167
599,RL,0,BSDF Heavy,0,Low,0,Low,0,Low,0,Low,0,0.28733,0.609798,0.476109,0.0278406,0.194167
600,RL,0,BSDF Heavy,0,Low,0,Low,0,Low,0,Low,0,0.287331,0.6098,0.47611,0.0278491,0.194089
601,RL,0,BSDF Heavy,0,Low,0,Low,0,Low,0,Low,0,0.287331,0.609801,0.476111,0.0278506,0.194089
602,RL,0,BSDF Heavy,0,Low,0,Low,0,Low,0,Low,0,0.28733,0.609797,0.476108,0.0278537,0.194089
603,RL,0,BSDF Heavy,0,Low,0,Low,0,Low,0,Low,0,0.287328,0.609794,0.476106,0.0278598,0.194089
604,RL,0,BSDF Heavy,0,Low,0,Low,0,Low,0,Low,0,0.287327,0.609794,0.476106,0.0278575,0.194089
605,RL,0,BSDF Heavy,0,Low,0,Low,0,Low,0,Low,0,0.287328,0.609795,0.476107,0.0278498,0.194089
606,RL,0,BSDF Heavy,0,Low,0,Low,0,Low,0,Low,0,0.287327,0.609796,0.476107,0.0278545,0.194089
607,RL,0,BSDF Heavy,0,Low,0,Low,0,Low,0,Low,0,0.287329,0.609796,0.476107,0.0278437,0.194089
608,RL,0,BSDF Heavy,0,Low,0,Low,0,Low,0,Low,0,0.287329,0.609797,0.476108,0.027846,0.194011
609,RL,0,BSDF Heavy,0,Low,0,Low,0,Low,0,Low,0,0.287329,0.609793,0.476105,0.0278437,0.194011
610,RL,0,BSDF Heavy,0,Low,0,Low,0,Low,0,Low,0,0.287328,0.609789,0.476103,0.0278452,0.194011
611,RL,0,BSDF Heavy,0,Low,0,Low,0,Low,0,Low,0,0.287327,0.609786,0.476101,0.0278437,0.194011
612,RL,0,BSDF Heavy,0,Low,0,Low,0,Low,0,Low,0,0.287327,0.609778,0.476096,0.0278514,0.194011
613,RL,0,BSDF Heavy,0,Low,0,Low,0,Low,0,Low,0,0.287327,0.609773,0.476093,0.0278414,0.194011
614,RL,0,BSDF Heavy,0,Low,0,Low,0,Low,0,Low,0,0.287327,0.609773,0.476093,0.0278429,0.194011
615,RL,0,BSDF Heavy,0,Low,0,Low,0,Low,0,Low,0,0.287327,0.609765,0.476088,0.0278498,0.194011
616,RL,0,BSDF Heavy,0,Low,0,Low,0,Low,0,Low,0,0.287329,0.609764,0.476088,0.0278452,0.193934
617,RL,0,BSDF Heavy,0,Low,0,Low,0,Low,0,Low,0,0.287327,0.609765,0.476088,0.0278452,0.193934
618,RL,0,BSDF Heavy,0,Low,0,Low,0,Low,0,Low,0,0.287327,0.609762,0.476086,0.0278414,0.193934
619,RL,0,BSDF Heavy,0,Low,0,Low,0,Low,0,Low,0,0.287325,0.609758,0.476084,0.0278498,0.193934
620,RL,0,BSDF Heavy,0,Low,0,Low,0,Low,0,Low,0,0.287324,0.609751,0.476079,0.0278498,0.193934
621,RL,0,BSDF Heavy,0,Low,0,Low,0,Low,0,Low,0,0.287322,0.609748,0.476078,0.0278491,0.193934
622,RL,0,BSDF Heavy,0,Low,0,Low,0,Low,0,Low,0,0.287322,0.609747,0.476077,0.0278468,0.193934
623,RL,0,BSDF Heavy,0,Low,0,Low,0,Low,0,Low,0,0.287322,0.609747,0.476077,0.0278399,0.193934
624,RL,0,BSDF Heavy,0,Low,0,Low,0,Low,0,Low,0,0.287322,0.609746,0.476076,0.0278452,0.193856
625,RL,0,BSDF Heavy,0,Low,0,Low,0,Low,0,Low,0,0.287322,0.609743,0.476074,0.0278414,0.193856
626,RL,0,BSDF Heavy,0,Low,0,Low,0,Low,0,Low,0,0.287325,0.609738,0.476072,0.0278491,0.193856
627,RL,0,BSDF Heavy,0,Low,0,Low,0,Low,0,Low,0,0.287324,0.609736,0.47607,0.0278575,0.193856
628,RL,0,BSDF Heavy,0,Low,0,Low,0,Low,0,Low,0,0.287323,0.609735,0.47607,0.0278621,0.193856
629,RL,0,BSDF Heavy,0,Low,0,Low,0,Low,0,Low,0,0.287323,0.609739,0.476072,0.0278552,0.193856
630,RL,0,BSDF Heavy,0,Low,0,Low,0,Low,0,Low,0,0.287323,0.609731,0.476067,0.0278568,0.193856
631,RL,0,BSDF Heavy,0,Low,0,Low,0,Low,0,Low,0,0.287322,0.609728,0.476065,0.0278452,0.193856
632,RL,0,BSDF Heavy,0,Low,0,Low,0,Low,0,Low,0,0.287322,0.609723,0.476062,0.0278514,0.193779
633,RL,0,BSDF Heavy,0,Low,0,Low,0,Low,0,Low,0,0.287321,0.609722,0.476061,0.0278552,0.193779
634,RL,0,BSDF Heavy,0,Low,0,Low,0,Low,0,Low,0,0.287322,0.609725,0.476063,0.0278437,0.193779
635,RL,0,BSDF Heavy,0,Low,0,Low,0,Low,0,Low,0,0.287323,0.609719,0.476059,0.0278437,0.193779
636,RL,0,BSDF Heavy,0,Low,0,Low,0,Low,0,Low,0,0.287323,0.60972,0.47606,0.0278437,0.193779
637,RL,0,BSDF Heavy,0,Low,0,Low,0,Low,0,Low,0,0.287322,0.609723,0.476062,0.0278406,0.193779
638,RL,0,BSDF Heavy,0,Low,0,Low,0,Low,0,Low,0,0.287322,0.609722,0.476062,0.0278406,0.193779
639,RL,0,BSDF Heavy,0,Low,0,Low,0,Low,0,Low,0,0.287324,0.609726,0.476064,0.0278414,0.193779
640,RL,0,BSDF Heavy,0,Low,0,Low,0,Low,0,Low,0,0.287322,0.609722,0.476062,0.0278414,0.193701
641,RL,0,BSDF Heavy,0,Low,0,Low,0,Low,0,Low,0,0.287322,0.609723,0.476062,0.0278452,0.193701
642,RL,0,BSDF Heavy,0,Low,0,Low,0,Low,0,Low,0,0.287322,0.609724,0.476063,0.0278491,0.193701
643,RL,0,BSDF Heavy,0,Low,0,Low,0,Low,0,Low,0,0.287321,0.609721,0.476061,0.0278483,0.193701
644,RL,0,BSDF Heavy,0,Low,0,Low,0,Low,0,Low,0,0.287321,0.609724,0.476062,0.0278437,0.193701
645,RL,0,BSDF Heavy,0,Low,0,Low,0,Low,0,Low,0,0.287319,0.609726,0.476064,0.0278314,0.193701
646,RL,0,BSDF Heavy,0,Low,0,Low,0,Low,0,Low,0,0.287317,0.609724,0.476063,0.0278422,0.193701
647,RL,0,BSDF Heavy,0,Low,0,Low,0,Low,0,Low,0,0.287319,0.609725,0.476063,0.0278352,0.193701
648,RL,0,Balanced,0,Low,0,Low,0,Low,0,Low,0,0.28732,0.609727,0.476065,0.0278375,0.193624
649,RL,0,Balanced,0,Low,0,Low,0,Low,0,Low,0,0.287319,0.609722,0.476061,0.0278375,0.193624
650,RL,0,Balanced,0,Low,0,Low,0,Low,0,Low,0,0.28732,0.609722,0.476061,0.0278368,0.193624
651,RL,0,Balanced,0,Low,0,Low,0,Low,0,Low,0,0.287318,0.609716,0.476058,0.0278375,0.193624
652,RL,0,Balanced,0,Low,0,Low,0,Low,0,Low,0,0.287319,0.609713,0.476056,0.0278352,0.193624
653,RL,0,Balanced,0,Low,0,Low,0,Low,0,Low,0,0.287319,0.609715,0.476057,0.027836,0.193624
654,RL,0,Balanced,0,Low,0,Low,0,Low,0,Low,0,0.287318,0.609718,0.476059,0.0278352,0.193624
655,RL,0,Balanced,0,Low,0,Low,0,Low,0,Low,0,0.28732,0.609723,0.476062,0.0278268,0.193624
656,RL,0,BSDF Heavy,0,Low,0,Low,0,Low,0,Low,0,0.28732,0.609722,0.476061,0.0278368,0.193546
657,RL,0,BSDF Heavy,0,Low,0,Low,0,Low,0,Low,0,0.28732,0.609719,0.47606,0.027836,0.193546
658,RL,0,BSDF Heavy,0,Low,0,Low,0,Low,0,Low,0,0.287318,0.609718,0.476059,0.0278383,0.193546
659,RL,0,BSDF Heavy,0,Low,0,Low,0,Low,0,Low,0,0.287318,0.609715,0.476057,0.0278375,0.193546
660,RL,0,BSDF Heavy,0,Low,0,Low,0,Low,0,Low,0,0.287319,0.609717,0.476058,0.027836,0.193546
661,RL,0,BSDF Heavy,0,Low,0,Low,0,Low,0,Low,0,0.287319,0.609718,0.476059,0.0278337,0.193546
662,RL,0,BSDF Heavy,0,Low,0,Low,0,Low,0,Low,0,0.287318,0.609718,0.476059,0.0278306,0.193546
663,RL,0,BSDF Heavy,0,Low,0,Low,0,Low,0,Low,0,0.287317,0.609718,0.476059,0.0278345,0.193546
664,RL,0,Light Heavy,0,Low,0,Low,0,Low,0,Low,0,0.287318,0.609717,0.476058,0.0278306,0.193469
665,RL,0,Light Heavy,0,Low,0,Low,0,Low,0,Low,0,0.287317,0.609714,0.476057,0.0278406,0.193469
666,RL,0,Light Heavy,0,Low,0,Low,0,Low,0,Low,0,0.287318,0.609716,0.476058,0.0278445,0.193469
